
Gurobi 11.0.3 (linux64, Matlab) logging started Fri 20 Sep 2024 11:36:01 PM EDT

Set parameter Username
Set parameter Method to value 3
Set parameter MIPFocus to value 1
Set parameter LogFile to value "runs/PIONEER25_10_Teams_v2_1/logfile1.txt"
Set parameter Threads to value 80
Academic license - for non-commercial use only - expires 2025-03-10
Gurobi Optimizer version 11.0.3 build v11.0.3rc0 (linux64 - "Red Hat Enterprise Linux 9.4 (Plow)")

CPU model: Intel(R) Xeon(R) CPU E5-4650 v2 @ 2.40GHz, instruction set [SSE2|AVX]
Thread count: 70 physical cores, 140 logical processors, using up to 80 threads

Optimize a model with 11039 rows, 9515 columns and 58947 nonzeros
Model fingerprint: 0x73bf6cce
Variable types: 0 continuous, 9515 integer (9515 binary)
Coefficient statistics:
  Matrix range     [1e+00, 1e+02]
  Objective range  [1e+01, 1e+05]
  Bounds range     [1e+00, 1e+00]
  RHS range        [1e+00, 5e+01]
Presolve removed 1679 rows and 538 columns
Presolve time: 0.31s
Presolved: 9360 rows, 8977 columns, 42379 nonzeros
Variable types: 0 continuous, 8977 integer (8849 binary)
Concurrent LP optimizer: primal simplex, dual simplex, and barrier
Showing barrier log only...

Root barrier log...

Ordering time: 0.39s

Barrier statistics:
 AA' NZ     : 1.994e+05
 Factor NZ  : 1.988e+06 (roughly 24 MB of memory)
 Factor Ops : 6.968e+08 (less than 1 second per iteration)
 Threads    : 77

                  Objective                Residual
Iter       Primal          Dual         Primal    Dual     Compl     Time
   0   1.57432825e+08 -1.53172683e+09  2.92e+03 1.55e+04  1.03e+06     1s
   1   5.75819986e+07 -2.20158053e+09  9.88e+02 2.04e-10  3.44e+05     1s
   2   9.38727316e+06 -8.92667317e+08  9.02e+01 1.46e-10  4.90e+04     1s
   3   4.09696121e+06 -1.04143372e+08  1.06e+01 1.09e-10  5.06e+03     1s
   4   1.95111769e+06 -2.57233815e+07  1.65e+00 9.91e-11  1.13e+03     1s
   5   8.47908733e+05 -6.71313324e+06  5.50e-01 8.73e-11  2.92e+02     2s
   6   4.20008937e+05 -1.33020101e+06  2.27e-01 5.82e-11  6.62e+01     2s
   7   1.17681542e+05 -5.11819975e+05  4.62e-02 2.91e-11  2.36e+01     2s

Barrier performed 7 iterations in 1.72 seconds (0.37 work units)
Barrier solve interrupted - model solved by another algorithm


Solved with dual simplex

Root relaxation: objective 8.000000e+01, 3441 iterations, 1.38 seconds (0.63 work units)

    Nodes    |    Current Node    |     Objective Bounds      |     Work
 Expl Unexpl |  Obj  Depth IntInf | Incumbent    BestBd   Gap | It/Node Time

     0     0   80.00000    0  488          -   80.00000      -     -    4s
H    0     0                    1.250082e+07   80.00000   100%     -    5s
     0     0   80.00000    0  496 1.2501e+07   80.00000   100%     -    7s
H    0     0                    2163460.0000   80.00000   100%     -    7s
H    0     0                    2143460.0000   80.00000   100%     -    7s
     0     0   80.50000    0  483 2143460.00   80.50000   100%     -    7s
     0     0   90.00000    0  416 2143460.00   90.00000   100%     -   17s
     0     0   90.00000    0  408 2143460.00   90.00000   100%     -   17s
     0     0   90.00000    0  507 2143460.00   90.00000   100%     -   19s
H    0     0                    2113460.0000   90.00000   100%     -   21s
     0     0   90.00000    0  505 2113460.00   90.00000   100%     -   21s
     0     0   90.00000    0  435 2113460.00   90.00000   100%     -   25s
H    0     0                    2043460.0000   90.00000   100%     -   25s
     0     0   90.00000    0  469 2043460.00   90.00000   100%     -   25s
     0     0   90.00000    0  533 2043460.00   90.00000   100%     -   30s
H    0     0                    2013460.0000   90.00000   100%     -   31s
     0     2   90.00000    0  477 2013460.00   90.00000   100%     -   39s
H    1     4                    1893460.0000   90.00000   100%  9719   40s
H    2     4                    1883460.0000   90.00000   100%  5418   40s
H    3     8                    1873460.0000   90.00000   100%  3855   41s
H    7    16                    1871460.0000   91.11111   100%  2218   76s
    31    64  200.00000    5  489 1871460.00  100.00000   100%  1907  104s
H   32    64                    1821460.0000  100.00000   100%  1847  104s
H   35    64                    1761160.0000  100.00000   100%  1749  104s
    63   128  200.00000    6  467 1761160.00  110.00000   100%  1367  107s
H  128   208                    1700960.0000  135.00000   100%  1156  108s
H  163   208                    1691260.0000  135.00000   100%  1270  108s
H  196   208                    1612160.0000  135.00000   100%  1373  108s
   207   288  200.00000    8  487 1612160.00  135.00000   100%  1430  110s
H  287   368                    489520.00000  135.00000   100%  1230  165s
H  289   368                    324440.00000  135.00000   100%  1226  165s
H  293   368                    216820.00000  135.00000   100%  1219  165s
H  313   368                    210000.00000  141.11111   100%  1176  165s
H  327   368                    175940.00000  141.11111   100%  1147  165s
H  447   528                    37920.000000  141.11111   100%   989  954s
H  448   528                    4390.0000000  141.11111  96.8%   989  954s
H  451   528                    1780.0000000  141.11111  92.1%   987  954s
H  452   528                    1590.0000000  141.11111  91.1%   985  954s
H  458   528                    1530.0000000  141.11111  90.8%   976  954s
H  462   528                    1330.0000000  141.11111  89.4%   971  954s
   527   687  200.00000   11  430 1330.00000  141.11111  89.4%   915  956s
   686   767  200.00000   12  430 1330.00000  141.11111  89.4%   833 1210s
H  688   767                    1300.0000000  141.11111  89.1%   832 1210s
H  692   767                    1210.0000000  141.11111  88.3%   829 1210s
H  716   767                    1130.0000000  141.11111  87.5%   823 1210s
   769   763  180.00000   13  403 1130.00000  141.11111  87.5%   801 1216s
   774   767  180.00000    8  483 1130.00000  141.11111  87.5%   796 1222s
   776   768  190.00000    7  394 1130.00000  141.11111  87.5%   794 1225s
   779   770  300.00000   15  514 1130.00000  180.00000  84.1%   791 1230s
   786   784  180.00000   12  459 1130.00000  180.00000  84.1%   856 1242s
   810   824  180.00000   14  441 1130.00000  180.00000  84.1%   869 1263s
   906   936  200.00000   16  450 1130.00000  180.00000  84.1%   941 1265s
  1066  1042  200.83333   17  495 1130.00000  180.00000  84.1%   905 1298s
  1226  1150  225.00000   18  443 1130.00000  180.00000  84.1%   859 1320s
  1307  1202  233.33333   19  462 1130.00000  180.00000  84.1%   835 1370s
  1547  1439  300.00000   20  404 1130.00000  180.00000  84.1%   778 1375s
  1913  1717  300.00000   23  405 1130.00000  180.00000  84.1%   723 1381s
  2104  1839  300.00000   24  409 1130.00000  180.00000  84.1%   707 1385s
  2486  2117  300.00000   26  374 1130.00000  180.00000  84.1%   686 1392s
  2695  2239  300.00000   27  362 1130.00000  180.00000  84.1%   682 1396s
  2887  2389  300.00000   28  395 1130.00000  180.00000  84.1%   685 1400s
  3317  2784  333.33333   30  393 1130.00000  180.00000  84.1%   693 1408s
  3563  3061  400.00000   31  384 1130.00000  180.00000  84.1%   695 1412s
  3850  3379  400.00000   32  370 1130.00000  180.00000  84.1%   688 1416s
  4190  3678  400.00000   34  321 1130.00000  180.00000  84.1%   674 1420s
  4983  4215  400.00000   36  322 1130.00000  180.00000  84.1%   637 1428s
  5337  4500  401.32327   37  411 1130.00000  180.00000  84.1%   622 1433s
  5728  4803  402.37380   38  428 1130.00000  180.00000  84.1%   611 1437s
  6094  5099  404.08639   40  397 1130.00000  180.00000  84.1%   603 1441s
  6452  5398  409.95951   42  399 1130.00000  180.00000  84.1%   600 1446s
  6814  5741  428.15133   43  416 1130.00000  180.00000  84.1%   596 1451s
  7200  6068  437.22335   45  409 1130.00000  180.00000  84.1%   594 1456s
  7539  6450  501.96578   48  379 1130.00000  180.00000  84.1%   596 1461s
  7937  6882  588.25111   51  338 1130.00000  180.00000  84.1%   596 1466s
  8427  7338  889.67685   54  399 1130.00000  180.00000  84.1%   591 1472s
  8934  7829     cutoff   57      1130.00000  180.00000  84.1%   586 1477s
  9562  8333     cutoff   66      1130.00000  180.00000  84.1%   576 1483s
 10217  8805  180.00000   20  458 1130.00000  180.00000  84.1%   566 1490s
 10876  9283  360.00000   26  415 1130.00000  180.00000  84.1%   558 1496s
 11491  9742  410.00000   32  418 1130.00000  180.00000  84.1%   553 1504s
 12069 10249  418.33333   37  449 1130.00000  180.00000  84.1%   551 1511s
 12660 10803  635.00000   43  385 1130.00000  180.00000  84.1%   551 1518s
 13267 11417  730.00000   50  387 1130.00000  180.00000  84.1%   551 1525s
 14035 12058  880.22639   56  397 1130.00000  180.00000  84.1%   547 1531s
 14782 12678  180.00000   18  480 1130.00000  180.00000  84.1%   545 1537s
 15632 13316  210.00000   24  449 1130.00000  180.00000  84.1%   540 1544s
 16435 13954  310.00000   30  413 1130.00000  180.00000  84.1%   537 1549s
 17377 14651  410.00000   38  406 1130.00000  180.00000  84.1%   531 1554s
 18267 15349  497.20777   47  419 1130.00000  180.00000  84.1%   527 1559s
 19150 16156  655.00000   50  390 1130.00000  180.00000  84.1%   525 1563s
 20132 16925  887.74392   67  314 1130.00000  180.00000  84.1%   522 1568s
 21170 17681  290.00000   21  417 1130.00000  180.00000  84.1%   517 1572s
 22066 18524  290.00000   32  410 1130.00000  180.00000  84.1%   518 1577s
 23161 19421  290.00000   43  393 1130.00000  180.00000  84.1%   515 1581s
 24229 20275  412.66667   49  422 1130.00000  180.00000  84.1%   514 1585s
 25237 21237  691.92584   63  373 1130.00000  180.00000  84.1%   514 1595s
 26534 22068  180.00000   17  467 1130.00000  180.00000  84.1%   511 1769s
 27529 22464  200.00000   27  436 1130.00000  180.00000  84.1%   512 2134s
 27943 23784  400.00000   32  370 1130.00000  180.00000  84.1%   515 2147s
 29784 25025  700.00000   54  334 1130.00000  180.00000  84.1%   512 2159s
 31819 26342     cutoff   64      1130.00000  180.00000  84.1%   508 2170s
 33542 27868  400.00000   32  402 1130.00000  180.00000  84.1%   507 2181s
 35518 29011  660.00000   46  406 1130.00000  180.00000  84.1%   505 2192s
 37038 30081  200.00000   23  435 1130.00000  180.00000  84.1%   506 2202s
 38174 31281  306.57895   35  407 1130.00000  180.00000  84.1%   513 2213s
 39557 31356  551.13198   49  393 1130.00000  180.00000  84.1%   519 2352s
 39641 32868  573.01123   50  382 1130.00000  180.00000  84.1%   520 2361s
 41458 32940  882.24011   67  411 1130.00000  180.00000  84.1%   523 2397s
 41546 34552  910.49421   68  348 1130.00000  180.00000  84.1%   523 2406s
 43536 36302  300.00000   33  420 1130.00000  180.00000  84.1%   526 2415s
 45675 42282  406.36957   52  471 1130.00000  180.00000  84.1%   527 2443s
 53330 43837  244.58333   52  416 1130.00000  180.00000  84.1%   518 2451s
 55433 45412  546.35953   62  410 1130.00000  180.00000  84.1%   517 2460s
 57432 46837  180.00000   30  476 1130.00000  180.00000  84.1%   516 2469s
 59029 48540  210.00000   37  356 1130.00000  180.00000  84.1%   520 2480s
 60982 50464  220.00000   40  370 1130.00000  180.00000  84.1%   524 2490s
 63282 52573  324.30548   50  442 1130.00000  180.00000  84.1%   527 2502s
 65949 55004  347.93390   58  408 1130.00000  180.00000  84.1%   528 2513s
 69089 57238  563.33333   64  354 1130.00000  180.00000  84.1%   526 2525s
 72043 59006  700.00000   78  330 1130.00000  180.00000  84.1%   525 2536s
 74096 61439 1086.55316   91  258 1130.00000  180.00000  84.1%   530 2549s
 76918 64245  491.11111   54  392 1130.00000  180.00000  84.1%   533 2563s
 80559 67342  323.33333   46  374 1130.00000  180.00000  84.1%   531 2577s
 84625 70308  762.38390   57  360 1130.00000  180.00000  84.1%   528 2591s
 88501 72929  572.22222   51  431 1130.00000  180.00000  84.1%   525 2605s
 92072 81563  443.33333   39  391 1130.00000  180.00000  84.1%   524 2645s
 103352 84578  525.20560   49  444 1130.00000  180.00000  84.1%   520 2662s
 106938 88578  180.64532   35  484 1130.00000  180.00000  84.1%   523 2681s
 112399 92334  280.00000   36  338 1130.00000  180.00000  84.1%   521 2700s
 118215 96576  335.00000   40  328 1130.00000  180.00000  84.1%   518 2719s
 123599 100506  720.00000   62  377 1130.00000  180.00000  84.1%   516 2739s
 128681 105233  280.00000   42  272 1130.00000  180.00000  84.1%   517 2765s
 134969 109935  541.13991   57  391 1130.00000  180.00000  84.1%   514 2819s
 141004 119216  234.75000   45  450 1130.00000  180.00000  84.1%   512 2941s
 152483 124602  630.42636   54  340 1130.00000  180.00000  84.1%   514 2981s
 159280 130018  280.55005   40  366 1130.00000  180.00000  84.1%   516 3017s
 166047 135869  182.74307   36  387 1130.00000  180.00000  84.1%   518 3093s
 173767 140615  278.50000   38  402 1130.00000  180.00000  84.1%   519 3172s
 179602 146810  480.76923   49  346 1130.00000  180.00000  84.1%   524 3259s
 186738 149490  902.78550   77  316 1130.00000  180.00000  84.1%   531 3377s
 190514 170579  180.00000   38  357 1130.00000  180.00000  84.1%   531 3633s
 216495 178649  548.00000   53  356 1130.00000  180.00000  84.1%   540 3709s
 226855 178727  580.00000   55  320 1130.00000  180.00000  84.1%   543 3838s
H226894 178150                    1110.0000000  180.00000  83.8%   543 3838s
 226937 187250  580.00000   56  310 1110.00000  180.00000  83.8%   543 3885s
 239145 197834  187.10566   43  429 1110.00000  180.00000  83.8%   541 3949s
 247175 197834  180.33195   41  458 1110.00000  180.00000  83.8%   543 3950s
 252246 197912  710.34014   69  354 1110.00000  180.00000  83.8%   544 4066s
 252327 206433  706.66905   70  358 1110.00000  180.00000  83.8%   544 4109s
 263685 206511  285.00000   47  425 1110.00000  180.00000  83.8%   542 4142s
 263767 213109  280.79189   47  453 1110.00000  180.00000  83.8%   542 4224s
 271305 221307  590.06440   70  381 1110.00000  180.00000  83.8%   546 4334s
 280386 221307  896.83522   73  269 1110.00000  180.00000  83.8%   546 4335s
 282151 227949  280.00000   40  362 1110.00000  180.00000  83.8%   546 4398s
 290898 240250  482.17016   48  415 1110.00000  180.00000  83.8%   547 4507s
*296667 239266              92    1090.0000000  180.00000  83.5%   546 4508s
 307144 245967  522.50000   46  350 1090.00000  180.00000  83.5%   545 4598s
 315955 253025  293.40909   38  416 1090.00000  180.00000  83.5%   545 4688s
 325442 253102  349.59426   51  392 1090.00000  180.00000  83.5%   543 4875s
H325445 238158                     990.0000000  180.00000  81.8%   543 4875s
 325524 244933  350.58663   52  397  990.00000  180.00000  81.8%   543 4920s
 335017 251285  971.35751   80  288  990.00000  180.00000  81.8%   542 4957s
 344099 251286  603.13988   55  533  990.00000  180.00000  81.8%   542 4964s
 344101 251287  525.00000   57  401  990.00000  180.00000  81.8%   542 4967s
 344106 251291  470.00000   55  438  990.00000  180.00000  81.8%   542 4973s
 344108 251292  686.08486   78  447  990.00000  180.00000  81.8%   542 4977s
 344110 251293  590.00000   62  490  990.00000  180.00000  81.8%   542 4982s
 344112 251298  180.00000   22  461  990.00000  180.00000  81.8%   542 4988s
 344114 251301  180.00000   23  461  990.00000  180.00000  81.8%   542 4990s
 344142 251348  250.00000   26  452  990.00000  180.00000  81.8%   543 5024s
H344164 238775                     980.0000000  180.00000  81.6%   543 5024s
 344174 238836  250.00000   27  465  980.00000  180.00000  81.6%   543 5026s
 344238 238895  300.00000   28  462  980.00000  180.00000  81.6%   543 5082s
H344276 226945                     880.0000000  180.00000  79.5%   543 5082s
 344398 227064  300.00000   29  442  880.00000  180.00000  79.5%   543 5155s
 344714 227347  300.00000   31  441  880.00000  180.00000  79.5%   543 5161s
 345013 227559  300.00000   33  429  880.00000  180.00000  79.5%   542 5165s
 345491 227867  300.00000   36  404  880.00000  180.00000  79.5%   542 5171s
 345794 228077  300.00000   38  410  880.00000  180.00000  79.5%   542 5177s
 345956 228205  300.00000   39  422  880.00000  180.00000  79.5%   542 5180s
 346333 228475  300.00000   41  412  880.00000  180.00000  79.5%   542 5186s
 346750 228757  300.00000   43  388  880.00000  180.00000  79.5%   542 5192s
 346964 228922  300.00000   45  373  880.00000  180.00000  79.5%   542 5195s
 347501 229184  304.00000   48  413  880.00000  180.00000  79.5%   542 5201s
 347789 229252  302.22222   48  397  880.00000  180.00000  79.5%   542 5205s
 348075 229377  306.74257   49  418  880.00000  180.00000  79.5%   542 5211s
 348393 229475  313.33333   50  420  880.00000  180.00000  79.5%   542 5215s
 348660 229597  360.00000   51  380  880.00000  180.00000  79.5%   542 5220s
 349213 229905  380.00000   54  385  880.00000  180.00000  79.5%   542 5228s
 349499 230106  380.00000   55  372  880.00000  180.00000  79.5%   543 5231s
 349843 230276  430.00000   56  394  880.00000  180.00000  79.5%   543 5235s
 350167 230470  464.15043   58  399  880.00000  180.00000  79.5%   543 5240s
 350889 230818  540.65120   64  354  880.00000  180.00000  79.5%   543 5248s
 351281 231021  542.20976   66  355  880.00000  180.00000  79.5%   543 5253s
 351677 231252  549.81400   67  373  880.00000  180.00000  79.5%   543 5258s
 352129 231454  559.32147   71  353  880.00000  180.00000  79.5%   543 5263s
 352564 231687  561.76875   73  337  880.00000  180.00000  79.5%   543 5270s
 353026 231926  728.46181   78  376  880.00000  180.00000  79.5%   543 5276s
 353546 232086  210.00000   31  456  880.00000  180.00000  79.5%   543 5281s
 354017 232410  210.00000   36  386  880.00000  180.00000  79.5%   543 5288s
 354616 232616  210.00000   43  390  880.00000  180.00000  79.5%   543 5294s
 355176 232851  210.03673   47  500  880.00000  180.00000  79.5%   543 5300s
 355747 233068  212.01636   54  491  880.00000  180.00000  79.5%   543 5308s
 356303 233421  235.61816   63  512  880.00000  180.00000  79.5%   543 5315s
 356946 233728  370.37847   70  389  880.00000  180.00000  79.5%   543 5321s
 357575 234040  727.50000   81  309  880.00000  180.00000  79.5%   544 5330s
 358343 234370  200.00000   34  436  880.00000  180.00000  79.5%   544 5338s
 359087 234731  200.00000   44  393  880.00000  180.00000  79.5%   544 5346s
 359916 234951  214.55767   49  525  880.00000  180.00000  79.5%   544 5355s
 360570 235304  304.37177   54  404  880.00000  180.00000  79.5%   544 5363s
 361295 235703  406.47325   62  430  880.00000  180.00000  79.5%   544 5372s
 362133 236120  550.79685   75  390  880.00000  180.00000  79.5%   544 5381s
 363044 236486  300.00000   31  443  880.00000  180.00000  79.5%   544 5391s
 363962 236917  300.00000   38  364  880.00000  180.00000  79.5%   544 5401s
 364941 237393  330.00000   48  410  880.00000  180.00000  79.5%   544 5411s
 365967 237884  500.06351   58  391  880.00000  180.00000  79.5%   544 5422s
 367042 238276  665.68936   78  373  880.00000  180.00000  79.5%   544 5433s
 368054 239482  200.00000   35  382  880.00000  180.00000  79.5%   544 5451s
 370110 239755  328.00000   56  393  880.00000  180.00000  79.5%   544 5489s
H371005 227405                     790.0000000  180.00000  77.2%   544 5489s
 371305 228568  675.83333   81  298  790.00000  180.00000  77.2%   544 5506s
 373296 229240  435.45847   54  442  790.00000  180.00000  77.2%   544 5526s
 374857 230341  501.54970   57  452  790.00000  180.00000  77.2%   545 5543s
 376921 231605  220.00000   48  435  790.00000  180.00000  77.2%   545 5563s
 379709 232284  185.71429   45  410  790.00000  180.00000  77.2%   545 5579s
 380208 232118  200.00000   43  425  790.00000  180.00000  77.2%   545 5580s
 382166 233013  660.16433   64  374  790.00000  180.00000  77.2%   545 5596s
 383882 232518  601.28524   74  377  790.00000  180.00000  77.2%   547 5834s
 383965 234686  630.98938   75  359  790.00000  180.00000  77.2%   547 5846s
 386470 235846  750.68376   64  396  790.00000  180.00000  77.2%   548 5859s
 389247 236913  315.72314   48  475  790.00000  180.00000  77.2%   548 5974s
 391568 242913  421.23302   57  375  790.00000  180.00000  77.2%   550 6008s
 401362 241600  188.33333   48  409  790.00000  180.00000  77.2%   549 6020s
 404176 243075  290.00000   49  403  790.00000  180.00000  77.2%   550 6034s
 406664 242246  183.33333   49  404  790.00000  180.00000  77.2%   551 6035s
 407109 245158  724.89970   66  382  790.00000  180.00000  77.2%   551 6050s
 411604 246531  280.09947   48  493  790.00000  180.00000  77.2%   551 6065s
 415776 247942  180.41550   45  453  790.00000  180.00000  77.2%   551 6081s
 420514 249562  737.28662   82  404  790.00000  180.00000  77.2%   551 6098s
 426107 250978  233.47283   47  435  790.00000  180.00000  77.2%   550 6114s
 430372 253142  609.18601   73  374  790.00000  180.00000  77.2%   550 6132s
 435380 255232  316.83269   64  421  790.00000  180.00000  77.2%   550 6151s
 440898 262052  490.00000   67  357  790.00000  180.00000  77.2%   550 6194s
 450946 258702  196.62000   48  440  790.00000  180.00000  77.2%   549 6195s
 453110 261684  671.09933   65  364  790.00000  180.00000  77.2%   549 6250s
 458257 264549  604.69510   71  373  790.00000  180.00000  77.2%   550 6312s
 464981 266320  620.46685   72  413  790.00000  180.00000  77.2%   550 6338s
 469873 270280  331.37443   64  377  790.00000  180.00000  77.2%   553 6406s
 477470 273020  182.11664   44  405  790.00000  180.00000  77.2%   553 6480s
 484770 275750  380.00000   51  377  790.00000  180.00000  77.2%   554 6564s
 491588 277001  448.40873   61  386  790.00000  180.00000  77.2%   556 6687s
 496761 288897     cutoff   68       790.00000  180.00000  77.2%   556 6875s
 515391 291329  180.00000   43  389  790.00000  180.00000  77.2%   559 6977s
 529308 294525  181.51028   45  380  790.00000  180.00000  77.2%   557 7053s
 540799 300910  290.00000   55  420  790.00000  180.00000  77.2%   556 7135s
 555936 302585  581.72274   67  383  790.00000  180.00000  77.2%   557 7186s
 568138 305424  189.49840   50  451  790.00000  180.00000  77.2%   556 7227s
 577666 309165  199.26728   48  447  790.00000  180.00000  77.2%   556 7267s
 587663 316038  302.87751   53  439  790.00000  180.00000  77.2%   556 7327s
 602747 317375  182.26632   46  417  790.00000  180.00000  77.2%   556 7367s
 611053 322553  526.78571   73  382  790.00000  180.00000  77.2%   558 7412s
 621726 319075  290.00000   57  342  790.00000  180.00000  77.2%   559 7676s
 621807 327219  327.42647   58  382  790.00000  180.00000  77.2%   559 7767s
 632920 331938  256.62427   60  446  790.00000  180.00000  77.2%   560 7874s
 642032 328901  381.77679   62  392  790.00000  180.00000  77.2%   559 7875s
 644940 338609  257.86982   50  476  790.00000  180.00000  77.2%   559 8017s
 658743 343044  294.13462   55  404  790.00000  180.00000  77.2%   562 8122s
 670663 347363  280.00000   46  336  790.00000  180.00000  77.2%   562 8179s
 680791 347513  190.00000   50  351  790.00000  180.00000  77.2%   565 8228s
 685649 357736  273.90687   57  418  790.00000  180.00000  77.2%   565 8375s
 702206 364771 infeasible   63       790.00000  180.00000  77.2%   565 8475s
 719556 366976  488.33333   63  355  790.00000  180.00000  77.2%   565 8578s
 731167 370030  181.60351   52  411  790.00000  180.00000  77.2%   565 8675s
 739739 376943  550.91223   76  373  790.00000  180.00000  77.2%   566 8793s
 753693 382980  200.33333   51  447  790.00000  180.00000  77.2%   566 8942s
 767285 388726  307.38473   52  460  790.00000  180.00000  77.2%   567 9058s
 781687 392268  199.85695   50  425  790.00000  180.00000  77.2%   567 9134s
 792388 397612  512.73626   75  384  790.00000  180.00000  77.2%   568 9203s
 803806 406225  483.59381   64  400  790.00000  180.00000  77.2%   570 9283s
 821562 407766  459.33333   60  317  790.00000  180.00000  77.2%   569 9329s
 828095 405588  435.00000   60  353  790.00000  180.00000  77.2%   570 9330s
 831947 412304  290.00000   48  422  790.00000  180.00000  77.2%   570 9375s
 843073 417345  180.09259   47  417  790.00000  180.00000  77.2%   570 9420s
 855421 424013  196.52816   51  440  790.00000  180.00000  77.2%   570 9479s
 869829 427715  506.38451   63  381  790.00000  180.00000  77.2%   571 9527s
 880446 432884  190.00000   50  448  790.00000  180.00000  77.2%   573 9577s
 893533 432194  235.00000   51  422  790.00000  180.00000  77.2%   573 9622s
 899039 442661  725.85486   67  337  790.00000  180.00000  77.2%   573 9745s
 916320 448421  771.66667   67  313  790.00000  180.00000  77.2%   574 9837s
 932315 450847  308.33333   47  451  790.00000  180.00000  77.2%   573 9944s
 935735 449707  677.78511   73  428  790.00000  180.00000  77.2%   573 9945s
 943685 455046  211.21863   49  470  790.00000  180.00000  77.2%   574 10024s
 955876 459600  310.19994   47  456  790.00000  180.00000  77.2%   574 10132s
 968125 465925  292.39288   57  415  790.00000  180.00000  77.2%   574 10267s
 981790 470921  490.96644   70  412  790.00000  180.00000  77.2%   575 10388s
 995154 476670  410.00000   58  391  790.00000  180.00000  77.2%   575 10503s
 1006119 486494  389.95993   65  415  790.00000  180.00000  77.2%   576 10613s
 1020056 497534  189.16107   53  418  790.00000  180.00000  77.2%   576 10708s
 1034659 507330  406.66667   59  364  790.00000  180.00000  77.2%   576 10777s
 1048653 515461  190.12690   55  449  790.00000  180.00000  77.2%   576 10832s
 1059105 522193  645.25641   73  398  790.00000  180.00000  77.2%   576 10880s
 1068931 532599  182.53114   46  409  790.00000  180.00000  77.2%   577 10938s
 1083113 532672  181.53091   48  442  790.00000  180.00000  77.2%   578 11148s
 1083199 542319 infeasible   48       790.00000  180.00000  77.2%   578 11195s
 1096301 545793  662.85714   63  362  790.00000  180.00000  77.2%   578 11298s
 1101109 557387  193.33333   45  402  790.00000  180.00000  77.2%   578 11453s
 1115779 568129  312.08376   56  371  790.00000  180.00000  77.2%   579 11597s
 1130766 577799  554.27262   64  416  790.00000  180.00000  77.2%   580 11714s
 1131291 577799  194.34787   47  471  790.00000  180.00000  77.2%   580 11715s
 1144743 585785  427.40836   61  445  790.00000  180.00000  77.2%   579 11818s
 1154723 595086  490.77564   66  387  790.00000  180.00000  77.2%   580 11938s
 1168205 605955  188.53725   51  494  790.00000  180.00000  77.2%   580 12082s
 1184626 613714  285.10897   50  475  790.00000  180.00000  77.2%   580 12187s
 1195377 621125  190.49105   44  463  790.00000  180.00000  77.2%   580 12289s
 1205990 630095  618.12282   67  388  790.00000  180.00000  77.2%   581 12368s
 1218106 641844  360.00000   54  370  790.00000  180.00000  77.2%   581 12447s
 1234384 650984  180.00000   35  426  790.00000  180.00000  77.2%   581 12500s
 1247562 658719  227.38095   63  346  790.00000  180.00000  77.2%   580 12545s
 1257390 667403  535.48780   64  362  790.00000  180.00000  77.2%   580 12591s
 1269578 678437  409.78723   61  368  790.00000  180.00000  77.2%   580 12650s
 1284166 687611  379.29261   57  425  790.00000  180.00000  77.2%   580 12697s
 1298956 689904  422.51234   51  423  790.00000  180.00000  77.2%   579 12741s
 1301972 699990  182.16045   47  442  790.00000  180.00000  77.2%   580 12885s
 1316642 711017  218.88741   56  409  790.00000  180.00000  77.2%   580 13022s
 1333688 718942  402.66187   60  411  790.00000  180.00000  77.2%   579 13104s
 1344252 726948  191.11111   49  387  790.00000  180.00000  77.2%   579 13156s
 1355742 734144  320.00000   51  396  790.00000  180.00000  77.2%   579 13205s
 1365695 744077  308.33289   63  420  790.00000  180.00000  77.2%   579 13335s
 1378884 753685  320.00000   56  389  790.00000  180.00000  77.2%   580 13463s
 1392669 763436  611.13149   71  392  790.00000  180.00000  77.2%   580 13585s
 1406430 771044  381.85594   65  416  790.00000  180.00000  77.2%   579 13690s
 1417050 780406  363.60674   50  461  790.00000  180.00000  77.2%   579 13814s
 1427839 780406  280.65068   53  397  790.00000  180.00000  77.2%   580 13815s
 1429010 791325  322.05357   59  411  790.00000  180.00000  77.2%   580 13916s
 1446810 799745  189.16667   33  459  790.00000  180.00000  77.2%   579 13980s
 1458921 808007  765.10616   84  320  790.00000  180.00000  77.2%   579 14036s
 1470432 818563  180.89925   46  433  790.00000  180.00000  77.2%   579 14100s
 1484987 826672  182.44870   46  385  790.00000  180.00000  77.2%   579 14151s
 1495152 835049  653.69048   70  403  790.00000  180.00000  77.2%   580 14205s
 1505411 843957  626.62186   77  347  790.00000  180.00000  77.2%   581 14257s
 1517899 848906  188.75000   51  442  790.00000  180.00000  77.2%   581 14308s
 1525023 865579  570.89021   63  401  790.00000  180.00000  77.2%   581 14397s
 1548204 875890  321.55554   59  404  790.00000  180.00000  77.2%   581 14452s
 1561183 885546  600.00000   73  288  790.00000  180.00000  77.2%   582 14503s
 1573353 897004  663.92228   62  378  790.00000  180.00000  77.2%   583 14559s
 1588190 897004  198.03030   51  451  790.00000  180.00000  77.2%   582 14560s
 1589917 904333  192.45313   49  453  790.00000  180.00000  77.2%   582 14658s
 1600072 911350  512.75145   58  450  790.00000  180.00000  77.2%   582 14709s
 1608503 921201  620.00000   74  292  790.00000  180.00000  77.2%   583 14836s
 1622399 930818  189.20530   48  417  790.00000  180.00000  77.2%   583 14976s
 1634666 939960  207.10355   49  460  790.00000  180.00000  77.2%   584 15110s
 1647417 948597  183.13955   47  446  790.00000  180.00000  77.2%   585 15242s
 1658364 958091  200.34412   56  431  790.00000  180.00000  77.2%   585 15370s
 1670479 967110  396.98656   69  411  790.00000  180.00000  77.2%   586 15456s
 1682758 977183  380.00000   52  346  790.00000  180.00000  77.2%   587 15527s
 1698879 985811  404.07538   56  462  790.00000  180.00000  77.2%   586 15582s
 1711146 993483  360.31299   63  332  790.00000  180.00000  77.2%   586 15631s
 1721698 997860  292.68027   53  358  790.00000  180.00000  77.2%   586 15685s
 1727106 1020478  686.19524   69  401  790.00000  180.00000  77.2%   587 15802s
 1758823 1029467  402.60736   56  400  790.00000  180.00000  77.2%   587 15855s
 1770895 1039300  743.22263   76  391  790.00000  180.00000  77.2%   587 15910s
 1785051 1048308  286.51576   54  429  790.00000  180.00000  77.2%   587 15957s
 1799265 1048385  184.94051   44  457  790.00000  180.00000  77.2%   586 16169s
 1799348 1056714  186.91775   46  385  790.00000  180.00000  77.2%   586 16267s
 1810158 1064397  701.50273   73  355  790.00000  180.00000  77.2%   587 16348s
 1819859 1074585  652.38747   61  415  790.00000  180.00000  77.2%   587 16484s
 1824842 1074585  303.84869   66  449  790.00000  180.00000  77.2%   587 16485s
 1833527 1083124  372.49084   58  419  790.00000  180.00000  77.2%   588 16616s
 1847445 1090875  193.70968   52  434  790.00000  180.00000  77.2%   588 16732s
 1857302 1100102  380.37037   60  368  790.00000  180.00000  77.2%   588 16858s
 1870466 1111070  536.48379   76  378  790.00000  180.00000  77.2%   588 16967s
 1886432 1118802  294.28366   52  402  790.00000  180.00000  77.2%   588 17034s
 1892054 1118802  201.45045   41  474  790.00000  180.00000  77.2%   588 17035s
 1897178 1121209  600.00000   69  382  790.00000  180.00000  77.2%   588 17089s
 1900540 1131701  524.05000   67  421  790.00000  180.00000  77.2%   588 17161s
 1915814 1140285  203.66666   53  456  790.00000  180.00000  77.2%   588 17220s
 1928261 1149309  204.39476   51  460  790.00000  180.00000  77.2%   588 17276s
 1940406 1160684  395.08641   82  329  790.00000  180.00000  77.2%   589 17331s
 1956716 1168295  440.00000   64  362  790.00000  180.00000  77.2%   588 17376s
 1967122 1177744  243.33333   51  403  790.00000  180.00000  77.2%   588 17424s
 1979961 1186886  502.37166   61  407  790.00000  180.00000  77.2%   588 17478s
 1991574 1197474  396.66667   60  391  790.00000  180.00000  77.2%   589 17534s
 1996391 1197474  595.00000   59  370  790.00000  180.00000  77.2%   589 17535s
 2005898 1206466  495.00000   74  330  790.00000  180.00000  77.2%   589 17583s
 2017506 1214898  569.66079   62  410  790.00000  180.00000  77.2%   590 17633s
 2028555 1224814  320.03812   60  429  790.00000  180.00000  77.2%   590 17693s
 2041701 1234926  433.68421   62  405  790.00000  180.00000  77.2%   591 17820s
 2056363 1242480  398.75000   63  398  790.00000  180.00000  77.2%   590 17935s
 2067863 1251237  290.00000   59  326  790.00000  180.00000  77.2%   590 18054s
 2073175 1251237  190.70988   44  419  790.00000  180.00000  77.2%   590 18055s
 2080779 1261487  189.66965   48  412  790.00000  180.00000  77.2%   590 18192s
 2094845 1270094  180.95371   41  427  790.00000  180.00000  77.2%   590 18310s
 2107490 1273303     cutoff   85       790.00000  180.00000  77.2%   590 18414s
 2108702 1273303  182.35043   45  469  790.00000  180.00000  77.2%   590 18415s
H2110359 1184412                     680.0000000  180.00000  73.5%   590 18418s
 2112069 1193608  185.27703   43  380  680.00000  180.00000  73.5%   590 18562s
 2124894 1202237     cutoff   69       680.00000  180.00000  73.5%   590 18698s
 2138300 1210319  552.70404   69  411  680.00000  180.00000  73.5%   591 18791s
 2150163 1218698  390.00000   54  356  680.00000  180.00000  73.5%   591 18872s
 2162812 1226940  470.00000   66  404  680.00000  180.00000  73.5%   592 18943s
 2173378 1234657  411.52675   73  368  680.00000  180.00000  73.5%   593 19009s
 2173856 1234657  615.62500   71  358  680.00000  180.00000  73.5%   593 19010s
 2185640 1243213  664.11656   74  378  680.00000  180.00000  73.5%   593 19067s
 2199476 1250436  220.00051   51  440  680.00000  180.00000  73.5%   593 19113s
 2210561 1257938  197.81778   49  417  680.00000  180.00000  73.5%   594 19163s
 2223835 1265320  187.29793   47  464  680.00000  180.00000  73.5%   594 19206s
 2233171 1273871  614.79842   64  377  680.00000  180.00000  73.5%   594 19336s
 2246047 1281409  510.59227   59  406  680.00000  180.00000  73.5%   595 19468s
 2257105 1289271     cutoff   66       680.00000  180.00000  73.5%   595 19583s
 2268284 1298102  280.19199   45  441  680.00000  180.00000  73.5%   595 19639s
 2280594 1307290  180.00000   43  414  680.00000  180.00000  73.5%   596 19767s
 2294504 1314693  182.67477   44  451  680.00000  180.00000  73.5%   596 19882s
 2303817 1318325  310.00000   62  358  680.00000  180.00000  73.5%   597 20002s
 2309379 1329597  509.58183   73  383  680.00000  180.00000  73.5%   597 20171s
 2326408 1337912  280.48534   51  402  680.00000  180.00000  73.5%   597 20275s
 2337668 1346999  297.50000   59  416  680.00000  180.00000  73.5%   598 20355s
 2350209 1356329  186.61797   50  439  680.00000  180.00000  73.5%   598 20427s
 2364298 1364763  280.96896   50  404  680.00000  180.00000  73.5%   598 20486s
 2375927 1373200  405.00000   65  358  680.00000  180.00000  73.5%   598 20544s
 2387895 1381652  187.04449   54  400  680.00000  180.00000  73.5%   599 20600s
 2399557 1390881  187.00000   46  417  680.00000  180.00000  73.5%   599 20657s
 2413147 1398666  624.22160   66  347  680.00000  180.00000  73.5%   600 20708s
 2423684 1407233  201.53817   46  428  680.00000  180.00000  73.5%   600 20760s
 2434780 1416852  351.29484   66  373  680.00000  180.00000  73.5%   601 20818s
 2448930 1424593  195.29007   50  435  680.00000  180.00000  73.5%   601 20870s
 2460724 1424656  405.90148   53  481  680.00000  180.00000  73.5%   601 21203s
 2460818 1433828  390.31504   53  462  680.00000  180.00000  73.5%   601 21339s
 2473920 1433828  190.00000   44  397  680.00000  180.00000  73.5%   601 21340s
 2476115 1437840  412.63779   66  368  680.00000  180.00000  73.5%   601 21469s
 2481127 1458818  470.00000   53  401  680.00000  180.00000  73.5%   602 21767s
 2512091 1468145  297.20426   58  449  680.00000  180.00000  73.5%   602 21857s
 2525153 1478552  600.00000   63  327  680.00000  180.00000  73.5%   603 21931s
 2541146 1484388  190.00000   42  404  680.00000  180.00000  73.5%   602 21981s
 2551646 1492041  299.00974   56  384  680.00000  180.00000  73.5%   602 22029s
 2554551 1492041  287.96148   45  485  680.00000  180.00000  73.5%   602 22030s
 2563151 1498801  190.34765   53  421  680.00000  180.00000  73.5%   602 22077s
 2573642 1506799  195.02801   50  448  680.00000  180.00000  73.5%   602 22131s
 2584017 1517009  290.00000   52  411  680.00000  180.00000  73.5%   603 22195s
 2598056 1525757  294.84694   61  411  680.00000  180.00000  73.5%   604 22254s
 2611859 1534158  588.78570   71  445  680.00000  180.00000  73.5%   604 22306s
 2624376 1543662  196.95905   50  381  680.00000  180.00000  73.5%   604 22361s
 2638129 1551054  181.05628   51  431  680.00000  180.00000  73.5%   604 22406s
 2647643 1558316  513.83922   68  450  680.00000  180.00000  73.5%   605 22479s
 2652337 1558316  411.39995   71  363  680.00000  180.00000  73.5%   605 22480s
 2660132 1561680  180.04137   49  449  680.00000  180.00000  73.5%   605 22601s
 2665384 1571462  655.94095   69  328  680.00000  180.00000  73.5%   605 22689s
 2667713 1571462  280.00000   53  389  680.00000  180.00000  73.5%   605 22690s
 2678763 1580359  221.31579   54  446  680.00000  180.00000  73.5%   606 22825s
 2691609 1588423  180.00000   47  402  680.00000  180.00000  73.5%   606 22966s
 2702391 1595720  371.11111   61  376  680.00000  180.00000  73.5%   607 23110s
 2714590 1604050  180.00000   42  399  680.00000  180.00000  73.5%   607 23238s
 2726575 1612463  515.00000   55  411  680.00000  180.00000  73.5%   607 23321s
 2737975 1621274  185.00000   47  424  680.00000  180.00000  73.5%   608 23397s
 2750097 1629966  282.81209   55  431  680.00000  180.00000  73.5%   608 23460s
 2762534 1639426  591.31797   69  352  680.00000  180.00000  73.5%   609 23517s
 2775006 1648514  544.00000   62  359  680.00000  180.00000  73.5%   609 23574s
 2787696 1656798  607.50000   75  344  680.00000  180.00000  73.5%   610 23627s
 2800812 1656852  180.55980   43  429  680.00000  180.00000  73.5%   610 23920s
 2800916 1665255  184.02606   44  441  680.00000  180.00000  73.5%   610 23975s
 2814774 1668182  206.66667   47  402  680.00000  180.00000  73.5%   609 24086s
 2819215 1677589     cutoff   76       680.00000  180.00000  73.5%   610 24205s
 2832863 1686271  293.33333   52  384  680.00000  180.00000  73.5%   610 24344s
 2835981 1686271  187.09686   49  440  680.00000  180.00000  73.5%   610 24345s
 2845288 1695101  315.33333   51  425  680.00000  180.00000  73.5%   610 24488s
 2857190 1703375  290.26510   61  387  680.00000  180.00000  73.5%   611 24590s
 2871225 1711292  388.86713   51  421  680.00000  180.00000  73.5%   611 24647s
 2883625 1720888  283.61819   47  426  680.00000  180.00000  73.5%   611 24775s
 2898129 1727686  280.00000   56  349  680.00000  180.00000  73.5%   611 24891s
 2907148 1735205  186.66667   46  406  680.00000  180.00000  73.5%   611 25018s
 2920488 1742549  508.40476   68  373  680.00000  180.00000  73.5%   611 25148s
 2931647 1751351  406.76224   59  403  680.00000  180.00000  73.5%   612 25279s
 2940131 1751351  328.09429   52  431  680.00000  180.00000  73.5%   612 25280s
 2945167 1759364  631.25000   51  418  680.00000  180.00000  73.5%   612 25372s
 2958311 1766239  285.83333   55  359  680.00000  180.00000  73.5%   612 25443s
 2969355 1774390     cutoff   72       680.00000  180.00000  73.5%   612 25505s
 2981758 1783117  502.63026   62  421  680.00000  180.00000  73.5%   612 25568s
 2994282 1791193  400.00000   62  402  680.00000  180.00000  73.5%   612 25624s
 3006406 1795260  200.73286   55  397  680.00000  180.00000  73.5%   612 25674s
 3013361 1805953  430.26645   64  397  680.00000  180.00000  73.5%   612 25741s
 3028281 1814406  182.17391   46  451  680.00000  180.00000  73.5%   612 25797s
 3040728 1821967  355.80114   56  418  680.00000  180.00000  73.5%   613 25914s
 3046561 1821967     cutoff   73       680.00000  180.00000  73.5%   613 25915s
 3052200 1830616  645.00000   67  334  680.00000  180.00000  73.5%   613 26000s
 3065588 1838802  595.00455   69  355  680.00000  180.00000  73.5%   613 26113s
 3076823 1838876  280.00000   56  400  680.00000  180.00000  73.5%   613 26564s
H3076877 1645212                     590.0000000  180.00000  69.5%   613 26567s
 3076906 1694704  280.00000   57  388  590.00000  180.00000  69.5%   613 26974s
 3144974 1694704     cutoff   65       590.00000  180.00000  69.5%   615 26980s
 3156986 1702227  426.52993   57  409  590.00000  180.00000  69.5%   616 27036s
 3169408 1705564  383.44110   62  399  590.00000  180.00000  69.5%   616 27090s
 3174424 1715340  280.00000   46  370  590.00000  180.00000  69.5%   616 27242s
 3190283 1723719  545.54839   75  366  590.00000  180.00000  69.5%   617 27320s
 3202359 1731515  182.00000   46  432  590.00000  180.00000  69.5%   617 27447s
 3213611 1739870  402.33267   69  426  590.00000  180.00000  69.5%   618 27571s
 3226134 1747349  180.00000   50  359  590.00000  180.00000  69.5%   618 27671s
 3237358 1754657  414.74499   62  399  590.00000  180.00000  69.5%   618 27752s
 3248213 1762215  185.20659   48  432  590.00000  180.00000  69.5%   619 27828s
 3259903 1769487  347.78839   57  462  590.00000  180.00000  69.5%   619 27891s
 3272436 1776409  180.23793   50  400  590.00000  180.00000  69.5%   620 27947s
 3281837 1784954  414.08775   60  410  590.00000  180.00000  69.5%   620 28008s
 3295133 1792431  499.47977   59  362  590.00000  180.00000  69.5%   621 28064s
 3306310 1800385  194.77707   53  408  590.00000  180.00000  69.5%   621 28119s
 3311275 1800385  280.66538   52  436  590.00000  180.00000  69.5%   621 28120s
 3318615 1803927  261.89320   52  427  590.00000  180.00000  69.5%   622 28171s
 3324023 1814811  485.83333   50  371  590.00000  180.00000  69.5%   622 28288s
 3340118 1823537  197.83736   49  432  590.00000  180.00000  69.5%   622 28394s
 3352942 1830905  390.00000   67  331  590.00000  180.00000  69.5%   623 28502s
 3365651 1838169  216.20502   59  414  590.00000  180.00000  69.5%   623 28580s
 3375843 1846420  185.00000   45  440  590.00000  180.00000  69.5%   623 28645s
 3389109 1853605  502.06820   65  439  590.00000  180.00000  69.5%   623 28722s
 3399473 1861197  280.00000   52  418  590.00000  180.00000  69.5%   624 28783s
 3411389 1869826  290.00000   55  411  590.00000  180.00000  69.5%   624 28840s
 3424714 1877444  209.04295   52  441  590.00000  180.00000  69.5%   625 28893s
 3437245 1885228  181.53315   50  444  590.00000  180.00000  69.5%   625 28946s
 3449355 1893882  331.50902   60  425  590.00000  180.00000  69.5%   625 29002s
 3463362 1900295  281.78303   47  478  590.00000  180.00000  69.5%   625 29048s
 3473596 1908060  236.43240   51  438  590.00000  180.00000  69.5%   625 29099s
 3486517 1915466  407.55647   60  447  590.00000  180.00000  69.5%   625 29147s
 3498650 1922505  223.35185   54  455  590.00000  180.00000  69.5%   625 29202s
 3511107 1925883  236.38345   47  408  590.00000  180.00000  69.5%   625 29253s
 3516764 1935578  322.50000   56  418  590.00000  180.00000  69.5%   625 29372s
 3531331 1944446  190.00000   48  455  590.00000  180.00000  69.5%   626 29521s
 3544213 1951082 infeasible   74       590.00000  180.00000  69.5%   626 29661s
 3556753 1959469  187.93374   47  387  590.00000  180.00000  69.5%   627 29742s
 3569213 1966812  190.57587   47  499  590.00000  180.00000  69.5%   627 29807s
 3580839 1974604  336.87209   62  464  590.00000  180.00000  69.5%   627 29866s
 3593823 1982069  192.25729   49  448  590.00000  180.00000  69.5%   627 29919s
 3604549 1990177     cutoff   66       590.00000  180.00000  69.5%   628 29975s
 3617458 1997153     cutoff   54       590.00000  180.00000  69.5%   628 30026s
 3628458 2004035  370.00000   52  407  590.00000  180.00000  69.5%   628 30079s
 3639412 2004035 infeasible   65       590.00000  180.00000  69.5%   629 30080s
 3639974 2011509  382.14674   56  389  590.00000  180.00000  69.5%   629 30149s
 3648141 2011509  292.53322   52  442  590.00000  180.00000  69.5%   629 30150s
 3652520 2019070  195.81558   50  476  590.00000  180.00000  69.5%   629 30218s
 3665904 2025706     cutoff   73       590.00000  180.00000  69.5%   629 30275s
 3677368 2031888  490.00000   56  364  590.00000  180.00000  69.5%   629 30342s
 3688132 2031953  555.00000   65  372  590.00000  180.00000  69.5%   629 30695s
 3688225 2035530     cutoff   66       590.00000  180.00000  69.5%   629 30794s
 3694321 2045961  180.00000   46  421  590.00000  180.00000  69.5%   629 30891s
 3710563 2053426  191.85499   52  423  590.00000  180.00000  69.5%   630 30963s
 3721441 2062264  328.96602   67  413  590.00000  180.00000  69.5%   630 31040s
 3734070 2070788  233.33333   54  375  590.00000  180.00000  69.5%   631 31117s
 3747861 2078845     cutoff   64       590.00000  180.00000  69.5%   631 31184s
 3758278 2078845  251.50000   58  407  590.00000  180.00000  69.5%   631 31185s
 3760920 2086639  419.53674   62  430  590.00000  180.00000  69.5%   631 31245s
 3772256 2094989  180.00000   44  413  590.00000  180.00000  69.5%   631 31305s
 3784513 2103507  207.34519   49  491  590.00000  180.00000  69.5%   632 31362s
 3796777 2111506  490.88468   60  372  590.00000  180.00000  69.5%   632 31462s
 3809527 2119586  208.63646   50  480  590.00000  180.00000  69.5%   632 31542s
 3821363 2127777  208.48007   52  443  590.00000  180.00000  69.5%   632 31609s
 3822190 2127777  326.89690   58  388  590.00000  180.00000  69.5%   632 31610s
 3834329 2131356  181.33333   47  407  590.00000  180.00000  69.5%   633 31707s
 3839497 2141857  285.48480   51  446  590.00000  180.00000  69.5%   633 31777s
 3855169 2150323     cutoff   68       590.00000  180.00000  69.5%   633 31879s
 3860339 2150323  193.17050   48  484  590.00000  180.00000  69.5%   633 31880s
 3868905 2157309 infeasible   64       590.00000  180.00000  69.5%   633 31999s
 3871908 2157309 infeasible   68       590.00000  180.00000  69.5%   633 32000s
 3879123 2165090  380.31049   62  356  590.00000  180.00000  69.5%   633 32137s
 3890750 2172631  428.70370   64  364  590.00000  180.00000  69.5%   634 32266s
 3900492 2180648  187.46319   46  413  590.00000  180.00000  69.5%   634 32367s
 3914719 2188434  195.28955   51  447  590.00000  180.00000  69.5%   634 32438s
 3926172 2196151  283.00000   48  427  590.00000  180.00000  69.5%   635 32502s
 3939808 2203386     cutoff   72       590.00000  180.00000  69.5%   635 32557s
 3950119 2211601  227.65424   64  412  590.00000  180.00000  69.5%   635 32618s
 3962084 2219605 infeasible   58       590.00000  180.00000  69.5%   636 32725s
 3973715 2227949  523.86361   73  400  590.00000  180.00000  69.5%   636 32831s
 3985878 2235574  181.62516   46  421  590.00000  180.00000  69.5%   636 32966s
 4000083 2243057  280.00000   49  416  590.00000  180.00000  69.5%   636 33095s
 4012575 2247445  484.22804   51  469  590.00000  180.00000  69.5%   636 33228s
 4019252 2262076  209.19748   49  460  590.00000  180.00000  69.5%   636 33417s
 4042776 2270395  577.76377   72  402  590.00000  180.00000  69.5%   636 33498s
 4054803 2279032  229.87619   53  432  590.00000  180.00000  69.5%   637 33571s
 4068673 2287231  290.00000   55  418  590.00000  180.00000  69.5%   637 33634s
 4072716 2287231  332.50000   52  456  590.00000  180.00000  69.5%   637 33635s
 4081561 2294558  181.66667   42  408  590.00000  180.00000  69.5%   637 33690s
 4093578 2301881  301.66953   49  428  590.00000  180.00000  69.5%   637 33745s
 4105363 2309006  359.08189   54  422  590.00000  180.00000  69.5%   637 33797s
 4114856 2316852  390.00000   54  341  590.00000  180.00000  69.5%   638 33852s
 4126304 2324443 infeasible   58       590.00000  180.00000  69.5%   638 33947s
 4138465 2331942  187.19089   45  401  590.00000  180.00000  69.5%   638 34086s
 4149512 2339572  540.64694   59  394  590.00000  180.00000  69.5%   639 34232s
 4161312 2345771  554.59168   69  387  590.00000  180.00000  69.5%   639 34367s
 4173361 2353112  443.07271   70  409  590.00000  180.00000  69.5%   639 34491s
 4185034 2356557  431.59091   56  400  590.00000  180.00000  69.5%   640 34569s
 4190449 2365904  209.63229   46  486  590.00000  180.00000  69.5%   640 34662s
 4205402 2374316  182.10518   42  414  590.00000  180.00000  69.5%   640 34733s
 4219198 2382704     cutoff   62       590.00000  180.00000  69.5%   641 34794s
 4231986 2390222  316.20690   56  411  590.00000  180.00000  69.5%   641 34849s
 4242299 2397587  365.00000   55  353  590.00000  180.00000  69.5%   641 34907s
 4256517 2404505  220.00000   50  401  590.00000  180.00000  69.5%   641 34958s
 4266844 2412095  278.80942   67  385  590.00000  180.00000  69.5%   641 35014s
 4274459 2412095  490.00000   67  401  590.00000  180.00000  69.5%   642 35015s
 4278732 2419225     cutoff   70       590.00000  180.00000  69.5%   642 35069s
 4281872 2419225  395.92593   57  410  590.00000  180.00000  69.5%   642 35070s
 4289504 2427830 infeasible   81       590.00000  180.00000  69.5%   642 35138s
 4303741 2435389  219.01477   51  453  590.00000  180.00000  69.5%   642 35217s
 4315509 2442736  273.33333   63  402  590.00000  180.00000  69.5%   642 35329s
 4328316 2449873  180.00000   48  412  590.00000  180.00000  69.5%   643 35422s
 4338892 2449931     cutoff   73       590.00000  180.00000  69.5%   643 35923s
 4338989 2457119     cutoff   74       590.00000  180.00000  69.5%   643 36002s
 4352393 2460733  414.00000   55  390  590.00000  180.00000  69.5%   643 36063s
 4357052 2470971  290.00000   65  368  590.00000  180.00000  69.5%   643 36137s
 4373052 2479375  323.75571   53  484  590.00000  180.00000  69.5%   644 36193s
 4385487 2487503  182.14286   48  383  590.00000  180.00000  69.5%   644 36246s
 4398345 2494109  185.00268   52  433  590.00000  180.00000  69.5%   644 36311s
 4408860 2502950  282.60531   61  451  590.00000  180.00000  69.5%   644 36405s
 4422051 2511871  186.98917   45  479  590.00000  180.00000  69.5%   644 36501s
 4435520 2518023  346.84483   62  428  590.00000  180.00000  69.5%   644 36609s
 4436459 2518023     cutoff   67       590.00000  180.00000  69.5%   644 36610s
 4445866 2525975  190.05835   45  421  590.00000  180.00000  69.5%   645 36727s
 4458693 2533226  228.58955   49  476  590.00000  180.00000  69.5%   645 36789s
 4465977 2533226  230.85185   53  423  590.00000  180.00000  69.5%   645 36791s
 4470002 2541524     cutoff   60       590.00000  180.00000  69.5%   645 36902s
 4483916 2548788  187.56202   49  480  590.00000  180.00000  69.5%   645 36991s
 4496079 2555264  182.97290   46  423  590.00000  180.00000  69.5%   645 37105s
 4507280 2558436  290.00000   51  389  590.00000  180.00000  69.5%   645 37219s
 4511705 2568306  296.25000   67  354  590.00000  180.00000  69.5%   645 37383s
 4528677 2575488  536.29702   72  377  590.00000  180.00000  69.5%   645 37498s
 4540563 2583563  187.12150   50  427  590.00000  180.00000  69.5%   645 37578s
 4552335 2591260  290.00000   51  404  590.00000  180.00000  69.5%   646 37649s
 4564801 2591260  330.00000   58  388  590.00000  180.00000  69.5%   646 37650s
 4565974 2598322  392.80885   55  461  590.00000  180.00000  69.5%   646 37706s
 4579603 2605553  521.01849   72  412  590.00000  180.00000  69.5%   646 37764s
 4588423 2605553  204.28973   54  441  590.00000  180.00000  69.5%   646 37765s
 4591537 2613501  556.36771   57  460  590.00000  180.00000  69.5%   646 37822s
 4604986 2621146  180.53037   49  417  590.00000  180.00000  69.5%   646 37874s
 4616114 2621146  392.60156   63  383  590.00000  180.00000  69.5%   646 37875s
 4616396 2628171  190.00000   52  427  590.00000  180.00000  69.5%   646 37928s
 4630314 2636598  207.44419   53  443  590.00000  180.00000  69.5%   646 38045s
 4644232 2643998  231.66667   52  420  590.00000  180.00000  69.5%   646 38136s
 4654924 2651475  398.54563   64  426  590.00000  180.00000  69.5%   646 38234s
 4664258 2651475  417.27350   69  416  590.00000  180.00000  69.5%   646 38235s
 4666904 2659260  281.35541   45  464  590.00000  180.00000  69.5%   646 38333s
 4679668 2667419  504.61422   65  383  590.00000  180.00000  69.5%   646 38444s
 4694055 2673655     cutoff   62       590.00000  180.00000  69.5%   646 38515s
 4705198 2676346  574.50047   66  419  590.00000  180.00000  69.5%   646 38610s
 4710561 2684523  210.33771   51  444  590.00000  180.00000  69.5%   646 38764s
 4716907 2684523  395.00000   72  353  590.00000  180.00000  69.5%   646 38765s
 4724418 2692495  291.14373   72  340  590.00000  180.00000  69.5%   647 38873s
 4736935 2700794  380.00000   56  365  590.00000  180.00000  69.5%   647 38987s
 4749233 2708208  447.95038   57  424  590.00000  180.00000  69.5%   647 39109s
 4760684 2708208  284.72874   44  448  590.00000  180.00000  69.5%   647 39110s
 4761567 2716319 infeasible   62       590.00000  180.00000  69.5%   647 39241s
 4774735 2723332  201.99319   56  397  590.00000  180.00000  69.5%   647 39361s
 4785537 2731094  290.00000   70  400  590.00000  180.00000  69.5%   647 39505s
 4797250 2731158  284.55791   55  442  590.00000  180.00000  69.5%   648 39815s
 4797344 2739180  322.07172   56  431  590.00000  180.00000  69.5%   648 39876s
 4808876 2747080  196.40824   41  479  590.00000  180.00000  69.5%   648 39936s
 4823691 2754558  199.34254   57  423  590.00000  180.00000  69.5%   648 39989s
 4836068 2758771  484.84796   64  398  590.00000  180.00000  69.5%   648 40107s
 4842604 2772954  223.03907   57  408  590.00000  180.00000  69.5%   648 40291s
 4865561 2781784  217.50000   43  479  590.00000  180.00000  69.5%   648 40402s
 4879507 2789162  204.28571   48  428  590.00000  180.00000  69.5%   648 40541s
 4890836 2796077  180.00000   50  390  590.00000  180.00000  69.5%   649 40695s
 4902464 2803995  180.00000   47  419  590.00000  180.00000  69.5%   649 40845s
 4912884 2812200  314.97710   68  433  590.00000  180.00000  69.5%   649 40958s
 4925336 2820315  182.57834   46  433  590.00000  180.00000  69.5%   650 41035s
 4938678 2828150  180.34878   46  458  590.00000  180.00000  69.5%   650 41101s
 4949786 2828224  531.01520   67  334  590.00000  180.00000  69.5%   650 41333s
 4949870 2836361     cutoff   66       590.00000  180.00000  69.5%   650 41431s
 4961554 2841210  190.71429   44  417  590.00000  180.00000  69.5%   651 41587s
 4968968 2852117  370.00000   63  401  590.00000  180.00000  69.5%   651 41747s
 4985332 2859012  192.33079   51  441  590.00000  180.00000  69.5%   651 41808s
 4996033 2866692  309.25921   57  425  590.00000  180.00000  69.5%   652 41949s
 4998654 2866692     cutoff   81       590.00000  180.00000  69.5%   652 41950s
 5009671 2874831  182.07229   51  411  590.00000  180.00000  69.5%   652 42051s
 5021494 2883573  490.00000   61  334  590.00000  180.00000  69.5%   652 42192s
 5034920 2891878  181.65139   47  467  590.00000  180.00000  69.5%   652 42332s
 5047229 2900469  222.98347   59  448  590.00000  180.00000  69.5%   652 42474s
 5051737 2900469  259.25150   57  394  590.00000  180.00000  69.5%   652 42475s
 5059685 2908652  199.76026   50  478  590.00000  180.00000  69.5%   652 42588s
 5072826 2916180  186.18020   43  428  590.00000  180.00000  69.5%   652 42660s
 5084080 2924209  380.00000   56  379  590.00000  180.00000  69.5%   653 42727s
 5097989 2930713  251.25803   62  430  590.00000  180.00000  69.5%   653 42781s
 5108908 2938242  180.49822   55  420  590.00000  180.00000  69.5%   653 42834s
 5119586 2945880  224.13308   49  448  590.00000  180.00000  69.5%   653 42890s
 5129668 2950356  491.24254   67  366  590.00000  180.00000  69.5%   653 42975s
 5136634 2958678  440.95238   52  371  590.00000  180.00000  69.5%   653 43087s
 5148592 2967098     cutoff   66       590.00000  180.00000  69.5%   654 43237s
 5157262 2967098  191.65255   41  465  590.00000  180.00000  69.5%   654 43240s
 5162335 2974189  573.80322   57  397  590.00000  180.00000  69.5%   654 43384s
 5173704 2982056  293.21858   53  415  590.00000  180.00000  69.5%   654 43476s
 5184402 2989961  520.16128   57  414  590.00000  180.00000  69.5%   654 43550s
 5199472 2996942     cutoff   67       590.00000  180.00000  69.5%   654 43633s
 5205004 2996942  185.65217   51  439  590.00000  180.00000  69.5%   654 43635s
 5210465 3003410  193.23529   51  407  590.00000  180.00000  69.5%   654 43757s
 5219931 3010862  183.37778   48  459  590.00000  180.00000  69.5%   654 43890s
 5232648 3019180  313.55727   56  436  590.00000  180.00000  69.5%   654 44029s
 5244696 3026562  380.37736   61  376  590.00000  180.00000  69.5%   655 44146s
 5255332 3034182  425.43564   65  372  590.00000  180.00000  69.5%   655 44231s
 5268359 3041844  413.57143   62  357  590.00000  180.00000  69.5%   655 44302s
 5281610 3049600     cutoff   63       590.00000  180.00000  69.5%   655 44367s
 5293228 3057859  475.43531   66  399  590.00000  180.00000  69.5%   655 44429s
 5299579 3057859  573.17086   67  339  590.00000  180.00000  69.5%   655 44430s
 5306929 3065927  318.09302   57  437  590.00000  180.00000  69.5%   655 44484s
 5317763 3069895  490.85393   63  406  590.00000  180.00000  69.5%   656 44537s
 5324010 3080515  192.37288   43  452  590.00000  180.00000  69.5%   656 44613s
 5340850 3088250  180.00000   47  410  590.00000  180.00000  69.5%   656 44678s
 5352648 3096094     cutoff   78       590.00000  180.00000  69.5%   656 44812s
 5367205 3103593  228.30494   56  400  590.00000  180.00000  69.5%   656 44949s
 5369684 3103593  379.13333   63  349  590.00000  180.00000  69.5%   656 44950s
 5379328 3110229  183.87598   49  393  590.00000  180.00000  69.5%   656 45083s
 5390701 3117842  340.46676   56  414  590.00000  180.00000  69.5%   656 45165s
 5402089 3125696  285.99443   53  421  590.00000  180.00000  69.5%   656 45275s
 5415336 3133383  207.39583   45  405  590.00000  180.00000  69.5%   657 45407s
 5427789 3140477  463.33333   67  420  590.00000  180.00000  69.5%   657 45555s
 5439112 3148646  219.75376   55  482  590.00000  180.00000  69.5%   657 45701s
 5452048 3155625  329.00000   49  396  590.00000  180.00000  69.5%   657 45819s
 5461851 3155625  192.77427   44  443  590.00000  180.00000  69.5%   657 45820s
 5463583 3163179  366.43645   58  418  590.00000  180.00000  69.5%   657 45893s
 5477181 3169894  442.35270   61  373  590.00000  180.00000  69.5%   657 45952s
 5487551 3177902  506.26280   62  375  590.00000  180.00000  69.5%   657 46017s
 5500181 3181096  219.52914   55  400  590.00000  180.00000  69.5%   657 46069s
 5505579 3190329  382.99837   61  409  590.00000  180.00000  69.5%   658 46142s
 5522608 3197870  280.20833   49  431  590.00000  180.00000  69.5%   658 46200s
 5536703 3206245  545.24779   73  433  590.00000  180.00000  69.5%   658 46258s
 5549105 3214725  382.83027   59  404  590.00000  180.00000  69.5%   658 46362s
 5562218 3222177  399.44444   61  302  590.00000  180.00000  69.5%   658 46444s
 5569656 3222177 infeasible   70       590.00000  180.00000  69.5%   658 46445s
 5573804 3228998  362.62500   58  432  590.00000  180.00000  69.5%   658 46571s
 5584979 3237574  294.89486   65  409  590.00000  180.00000  69.5%   658 46705s
 5597681 3245683  292.64416   57  402  590.00000  180.00000  69.5%   658 46776s
 5609470 3252464  403.66441   61  445  590.00000  180.00000  69.5%   658 46875s
 5620329 3259777  208.33333   48  442  590.00000  180.00000  69.5%   659 46992s
 5633040 3259837  196.56053   49  452  590.00000  180.00000  69.5%   659 47491s
 5633139 3309115  204.83396   50  468  590.00000  180.00000  69.5%   659 47972s
 5713219 3313218  563.49751   60  383  590.00000  180.00000  69.5%   659 48109s
 5720178 3327403  393.71084   53  434  590.00000  180.00000  69.5%   659 48352s
 5741511 3336852 infeasible   61       590.00000  180.00000  69.5%   660 48513s
 5756771 3344178  285.00000   52  396  590.00000  180.00000  69.5%   660 48615s
 5770183 3352476  188.94827   49  452  590.00000  180.00000  69.5%   660 48691s
 5781965 3360036  300.00000   58  373  590.00000  180.00000  69.5%   660 48753s
 5793446 3368013  186.79920   45  429  590.00000  180.00000  69.5%   660 48813s
 5805190 3376889  559.01993   64  383  590.00000  180.00000  69.5%   660 48954s
 5811991 3376889  193.60180   49  450  590.00000  180.00000  69.5%   660 48955s
 5817970 3380455  300.98188   53  445  590.00000  180.00000  69.5%   661 49083s
 5825873 3392436  180.63488   44  448  590.00000  180.00000  69.5%   660 49249s
 5843671 3400870  501.44893   56  363  590.00000  180.00000  69.5%   661 49411s
 5856276 3409888  196.57341   54  437  590.00000  180.00000  69.5%   661 49568s
 5870391 3417360  330.71193   65  377  590.00000  180.00000  69.5%   661 49679s
 5882891 3424309  187.57034   46  475  590.00000  180.00000  69.5%   661 49754s
 5894597 3432192  375.09202   67  407  590.00000  180.00000  69.5%   661 49820s
 5906880 3439576  285.00000   49  405  590.00000  180.00000  69.5%   662 49878s
 5918397 3447099  503.88674   60  385  590.00000  180.00000  69.5%   662 49940s
 5931151 3454333     cutoff   77       590.00000  180.00000  69.5%   662 49994s
 5942255 3454333  419.65591   60  412  590.00000  180.00000  69.5%   662 49995s
 5943010 3461480  194.63117   55  453  590.00000  180.00000  69.5%   662 50050s
 5955844 3467619  537.47919   61  411  590.00000  180.00000  69.5%   662 50126s
 5968023 3475099  387.33707   57  441  590.00000  180.00000  69.5%   662 50245s
 5979661 3483464  190.00000   53  379  590.00000  180.00000  69.5%   662 50383s
 5992656 3487145  286.63121   48  438  590.00000  180.00000  69.5%   662 50518s
 5998638 3496902  201.70315   48  416  590.00000  180.00000  69.5%   662 50698s
 6012367 3506058  397.10078   58  381  590.00000  180.00000  69.5%   663 50814s
 6017299 3506058  180.00000   37  425  590.00000  180.00000  69.5%   663 50815s
 6027094 3513981  480.00000   61  380  590.00000  180.00000  69.5%   663 50898s
 6040127 3520983  321.57286   51  454  590.00000  180.00000  69.5%   663 50961s
 6051938 3528132  491.43539   58  386  590.00000  180.00000  69.5%   663 51020s
 6062985 3535240  317.28070   52  398  590.00000  180.00000  69.5%   663 51078s
 6075871 3542809  181.06838   44  471  590.00000  180.00000  69.5%   663 51138s
 6089566 3549322  340.89545   55  417  590.00000  180.00000  69.5%   663 51190s
 6100612 3555925  183.04275   46  454  590.00000  180.00000  69.5%   663 51271s
 6110410 3564503  540.00000   68  376  590.00000  180.00000  69.5%   664 51393s
 6123858 3572834  181.34192   48  449  590.00000  180.00000  69.5%   664 51530s
 6137070 3579082  200.06536   50  451  590.00000  180.00000  69.5%   664 51631s
 6146405 3586666  183.07177   46  419  590.00000  180.00000  69.5%   664 51771s
 6159795 3593345  440.05328   65  422  590.00000  180.00000  69.5%   664 51861s
 6172935 3597371     cutoff   63       590.00000  180.00000  69.5%   664 51975s
 6179350 3610718     cutoff   62       590.00000  180.00000  69.5%   664 52230s
 6200221 3620020  192.33771   51  430  590.00000  180.00000  69.5%   665 52418s
 6215181 3627998  289.03990   49  470  590.00000  180.00000  69.5%   665 52567s
 6226503 3635141     cutoff   61       590.00000  180.00000  69.5%   665 52649s
 6232944 3635141  204.86726   49  452  590.00000  180.00000  69.5%   665 52650s
 6237950 3643682  182.73336   47  423  590.00000  180.00000  69.5%   665 52725s
 6250826 3651015  400.40635   59  394  590.00000  180.00000  69.5%   665 52790s
 6263688 3658132  410.09069   59  406  590.00000  180.00000  69.5%   665 52848s
 6275052 3658203  302.50000   46  436  590.00000  180.00000  69.5%   666 53150s
 6275140 3708272  310.00000   47  405  590.00000  180.00000  69.5%   666 53946s
 6340205 3708272  403.33333   65  421  590.00000  180.00000  69.5%   666 53951s
 6355220 3715979  573.83826   67  423  590.00000  180.00000  69.5%   667 54035s
 6369727 3718627  526.28881   60  446  590.00000  180.00000  69.5%   667 54090s
 6374354 3726698     cutoff   68       590.00000  180.00000  69.5%   667 54159s
 6388353 3734833  415.86735   61  408  590.00000  180.00000  69.5%   667 54221s
 6401563 3743177  304.52215   50  430  590.00000  180.00000  69.5%   667 54280s
 6414986 3750771  428.33333   57  417  590.00000  180.00000  69.5%   667 54331s
 6427006 3758593  395.00000   55  387  590.00000  180.00000  69.5%   667 54384s
 6433802 3758593  180.00000   44  366  590.00000  180.00000  69.5%   667 54385s
 6439498 3766169  271.45075   59  421  590.00000  180.00000  69.5%   667 54435s
 6451705 3774633  192.50000   46  392  590.00000  180.00000  69.5%   667 54492s
 6465251 3782241  185.45455   52  429  590.00000  180.00000  69.5%   667 54544s
 6477006 3786049  203.36604   52  394  590.00000  180.00000  69.5%   667 54608s
 6482810 3795692  185.00000   43  449  590.00000  180.00000  69.5%   667 54783s
 6489821 3795692     cutoff   66       590.00000  180.00000  69.5%   667 54785s
 6498296 3803452  180.93750   41  441  590.00000  180.00000  69.5%   667 54938s
 6510121 3811746  227.76729   51  459  590.00000  180.00000  69.5%   667 55091s
 6523082 3819604  185.39474   44  400  590.00000  180.00000  69.5%   667 55219s
 6533541 3827836  190.42462   48  440  590.00000  180.00000  69.5%   667 55309s
 6545448 3835726  400.00000   59  331  590.00000  180.00000  69.5%   668 55377s
 6557585 3843456  380.00000   59  372  590.00000  180.00000  69.5%   668 55437s
 6570339 3851414  192.61003   58  478  590.00000  180.00000  69.5%   668 55493s
 6581859 3859057  294.31556   56  456  590.00000  180.00000  69.5%   668 55554s
 6582266 3859057  180.04849   46  434  590.00000  180.00000  69.5%   668 55555s
 6593402 3867327  180.00000   41  396  590.00000  180.00000  69.5%   668 55691s
 6606478 3874313  434.06112   55  465  590.00000  180.00000  69.5%   668 55749s
 6616738 3882953  418.49789   61  418  590.00000  180.00000  69.5%   668 55808s
 6630434 3890494  323.94213   68  409  590.00000  180.00000  69.5%   668 55868s
 6641307 3898297  180.87357   48  433  590.00000  180.00000  69.5%   669 55951s
 6652451 3903112  493.86234   71  383  590.00000  180.00000  69.5%   669 56051s
 6659911 3913792  342.41379   58  421  590.00000  180.00000  69.5%   669 56223s
 6676197 3922570  280.00000   42  412  590.00000  180.00000  69.5%   669 56359s
 6690055 3930689  197.76316   45  442  590.00000  180.00000  69.5%   669 56451s
 6702148 3937530  180.00000   38  348  590.00000  180.00000  69.5%   669 56526s
 6714823 3945356  425.54386   52  424  590.00000  180.00000  69.5%   669 56585s
 6726412 3952953  180.33353   52  445  590.00000  180.00000  69.5%   670 56640s
 6737458 3961002  507.12219   56  445  590.00000  180.00000  69.5%   670 56697s
 6750304 3968680  297.24001   62  413  590.00000  180.00000  69.5%   670 56753s
 6762816 3975767  180.43764   39  479  590.00000  180.00000  69.5%   670 56857s
 6774452 3983211  480.00000   67  328  590.00000  180.00000  69.5%   670 56940s
 6786726 3991442  312.85714   53  414  590.00000  180.00000  69.5%   670 57019s
 6798143 3999860  183.86316   45  425  590.00000  180.00000  69.5%   670 57113s
 6811634 4007527  293.20848   44  450  590.00000  180.00000  69.5%   670 57211s
 6824175 4015448  180.19798   48  451  590.00000  180.00000  69.5%   670 57307s
 6836920 4015503  210.18519   45  471  590.00000  180.00000  69.5%   670 57693s
 6837022 4067392  231.52662   46  486  590.00000  180.00000  69.5%   670 58362s
 6917102 4067442  295.07011   48  470  590.00000  180.00000  69.5%   671 58793s
 6917206 4118538  295.28155   49  448  590.00000  180.00000  69.5%   671 59410s
 6953242 4118538     cutoff   71       590.00000  180.00000  69.5%   672 59415s
 6997286 4122338  423.82542   58  462  590.00000  180.00000  69.5%   672 59517s
 7002909 4138263  240.00000   50  396  590.00000  180.00000  69.5%   672 59733s
 7024566 4138263  529.35714   50  471  590.00000  180.00000  69.5%   673 59735s
 7028112 4147365  300.00000   60  382  590.00000  180.00000  69.5%   673 59866s
 7040970 4155764  526.01096   67  432  590.00000  180.00000  69.5%   673 60003s
 7054360 4163248 infeasible   59       590.00000  180.00000  69.5%   673 60128s
 7065724 4171450  500.00000   69  330  590.00000  180.00000  69.5%   673 60240s
 7078803 4175846  204.58734   47  466  590.00000  180.00000  69.5%   674 60347s
 7085482 4185800  491.24578   69  367  590.00000  180.00000  69.5%   674 60499s
 7092188 4185800  180.62418   46  451  590.00000  180.00000  69.5%   674 60500s
 7100762 4194133  575.32789   64  383  590.00000  180.00000  69.5%   674 60642s
 7113682 4201411  182.73502   47  438  590.00000  180.00000  69.5%   674 60780s
 7123816 4209648 infeasible   57       590.00000  180.00000  69.5%   674 60917s
 7136951 4217128  394.12538   72  472  590.00000  180.00000  69.5%   674 61054s
 7142778 4217128  230.45946   45  465  590.00000  180.00000  69.5%   674 61055s
 7149015 4224737  297.05920   58  456  590.00000  180.00000  69.5%   674 61178s
 7161091 4232513  197.17754   50  486  590.00000  180.00000  69.5%   674 61255s
 7173033 4240376  465.00000   58  431  590.00000  180.00000  69.5%   675 61319s
 7180064 4240376     cutoff   59       590.00000  180.00000  69.5%   675 61320s
 7184529 4248115  411.47036   66  438  590.00000  180.00000  69.5%   675 61380s
 7195134 4256542     cutoff   73       590.00000  180.00000  69.5%   675 61465s
 7208527 4263890  307.97120   52  459  590.00000  180.00000  69.5%   675 61562s
 7218416 4272380  390.96614   55  461  590.00000  180.00000  69.5%   675 61692s
 7230707 4280400  544.37500   64  379  590.00000  180.00000  69.5%   675 61824s
 7242328 4288536  417.62597   57  425  590.00000  180.00000  69.5%   675 61961s
 7253920 4292212  280.00000   49  365  590.00000  180.00000  69.5%   676 62071s
 7260971 4302662  278.00000   56  410  590.00000  180.00000  69.5%   676 62176s
 7277430 4311181  457.05539   63  368  590.00000  180.00000  69.5%   676 62249s
 7290589 4319063  181.50595   50  423  590.00000  180.00000  69.5%   676 62310s
 7301933 4326318  524.16667   62  375  590.00000  180.00000  69.5%   676 62372s
 7312466 4334114  306.50000   54  462  590.00000  180.00000  69.5%   676 62436s
 7325910 4341960  180.00000   39  421  590.00000  180.00000  69.5%   676 62506s
 7338827 4349577  536.12410   57  396  590.00000  180.00000  69.5%   677 62623s
 7350440 4357401  227.55083   57  456  590.00000  180.00000  69.5%   677 62756s
 7362664 4365261  450.00000   50  399  590.00000  180.00000  69.5%   677 62860s
 7373205 4372998  291.25632   62  400  590.00000  180.00000  69.5%   677 63012s
 7387558 4381443  299.39583   48  474  590.00000  180.00000  69.5%   677 63127s
 7400650 4388759  220.00000   53  409  590.00000  180.00000  69.5%   677 63204s
 7412411 4396401  469.37101   65  387  590.00000  180.00000  69.5%   677 63328s
 7424871 4399651  422.15278   65  445  590.00000  180.00000  69.5%   677 63432s
 7430007 4409094  390.00000   60  346  590.00000  180.00000  69.5%   677 63560s
 7445144 4416663  317.15328   68  440  590.00000  180.00000  69.5%   678 63694s
 7457343 4416725  465.00000   56  432  590.00000  180.00000  69.5%   678 64096s
 7457438 4425095     cutoff   57       590.00000  180.00000  69.5%   678 64239s
 7461895 4425095  292.56407   54  468  590.00000  180.00000  69.5%   678 64240s
 7469894 4432447  529.88619   74  371  590.00000  180.00000  69.5%   678 64382s
 7481218 4440680  189.00000   43  445  590.00000  180.00000  69.5%   678 64534s
 7494354 4448646  284.00000   64  409  590.00000  180.00000  69.5%   678 64650s
 7506668 4455645  186.80000   42  448  590.00000  180.00000  69.5%   678 64727s
 7519985 4463458  467.04940   67  353  590.00000  180.00000  69.5%   678 64794s
 7530147 4470395  401.72995   73  345  590.00000  180.00000  69.5%   678 64856s
 7542238 4474278  430.23810   72  350  590.00000  180.00000  69.5%   679 64913s
 7547554 4493720  367.72373   65  409  590.00000  180.00000  69.5%   679 65041s
 7576537 4502788  448.77074   60  408  590.00000  180.00000  69.5%   679 65105s
 7590794 4511352  259.23958   63  372  590.00000  180.00000  69.5%   679 65166s
 7604131 4518388  304.78214   63  359  590.00000  180.00000  69.5%   679 65218s
 7614629 4526936  280.00000   56  438  590.00000  180.00000  69.5%   679 65346s
 7628475 4533794  183.60104   45  425  590.00000  180.00000  69.5%   679 65470s
 7639277 4541790  390.00000   64  382  590.00000  180.00000  69.5%   679 65589s
 7652806 4548463  330.00000   55  358  590.00000  180.00000  69.5%   679 65712s
 7663043 4556501  291.23134   57  413  590.00000  180.00000  69.5%   679 65825s
 7675686 4564094  190.71429   51  377  590.00000  180.00000  69.5%   679 65888s
 7688397 4572807     cutoff   66       590.00000  180.00000  69.5%   679 66026s
 7701602 4580494  294.87500   55  366  590.00000  180.00000  69.5%   679 66141s
 7712720 4588127  300.10667   52  481  590.00000  180.00000  69.5%   680 66232s
 7723365 4592147  480.00000   64  306  590.00000  180.00000  69.5%   680 66366s
 7729673 4602507  181.48976   45  439  590.00000  180.00000  69.5%   680 66476s
 7747360 4610936     cutoff   69       590.00000  180.00000  69.5%   680 66597s
 7760302 4619113  496.66667   51  360  590.00000  180.00000  69.5%   680 66716s
 7772079 4626825  284.66351   51  412  590.00000  180.00000  69.5%   680 66837s
 7783253 4634412  281.87817   50  394  590.00000  180.00000  69.5%   680 66958s
 7795700 4642856  290.00000   50  406  590.00000  180.00000  69.5%   680 67097s
 7808348 4650984  423.73684   57  418  590.00000  180.00000  69.5%   680 67173s
 7821237 4657778  440.71429   70  403  590.00000  180.00000  69.5%   680 67299s
 7829674 4657778  385.95896   63  432  590.00000  180.00000  69.5%   680 67301s
 7831161 4665786  534.68513   80  455  590.00000  180.00000  69.5%   680 67438s
 7844362 4674018  382.03777   68  417  590.00000  180.00000  69.5%   680 67580s
 7857233 4681780  290.00000   47  412  590.00000  180.00000  69.5%   680 67702s
 7868537 4689912  322.66782   60  383  590.00000  180.00000  69.5%   680 67791s
 7881303 4697357  192.80704   55  467  590.00000  180.00000  69.5%   680 67865s
 7892621 4706171  193.12500   48  454  590.00000  180.00000  69.5%   681 67933s
 7906697 4709025  190.15094   50  416  590.00000  180.00000  69.5%   681 67982s
 7910685 4718632  282.00000   54  388  590.00000  180.00000  69.5%   681 68049s
 7912079 4718632  345.87719   60  412  590.00000  180.00000  69.5%   681 68050s
 7925678 4726727  302.20495   59  417  590.00000  180.00000  69.5%   681 68109s
 7938569 4735068  500.29603   64  416  590.00000  180.00000  69.5%   681 68168s
 7949740 4742686  403.70370   56  436  590.00000  180.00000  69.5%   681 68229s
 7962903 4750268     cutoff   69       590.00000  180.00000  69.5%   681 68292s
 7976065 4758011  382.95745   67  345  590.00000  180.00000  69.5%   681 68409s
 7978824 4758011  287.86131   59  421  590.00000  180.00000  69.5%   681 68410s
 7988436 4766445  267.10108   50  429  590.00000  180.00000  69.5%   681 68546s
 8000861 4773863  517.31849   69  351  590.00000  180.00000  69.5%   681 68665s
 8012388 4781756  298.80056   61  429  590.00000  180.00000  69.5%   681 68808s
 8024758 4789169  266.66667   54  449  590.00000  180.00000  69.5%   681 68906s
 8036505 4797428  180.91398   46  461  590.00000  180.00000  69.5%   682 69030s
 8050711 4803830  185.94380   48  441  590.00000  180.00000  69.5%   682 69139s
 8060981 4811432  180.00000   42  392  590.00000  180.00000  69.5%   682 69253s
 8073362 4814475  564.50180   64  455  590.00000  180.00000  69.5%   682 69328s
 8078261 4824093  305.17903   55  462  590.00000  180.00000  69.5%   682 69467s
 8092719 4824167  220.33333   53  398  590.00000  180.00000  69.5%   682 69887s
 8092804 4874892  220.51835   54  464  590.00000  180.00000  69.5%   682 70613s
 8172884 4883104     cutoff   84       590.00000  180.00000  69.5%   682 70684s
 8186218 4890468  191.66667   42  374  590.00000  180.00000  69.5%   682 70742s
 8198031 4897494  210.17349   58  404  590.00000  180.00000  69.5%   682 70794s
 8209007 4901099  186.40792   50  429  590.00000  180.00000  69.5%   682 70846s
 8214936 4910785  342.17974   66  392  590.00000  180.00000  69.5%   682 70916s
 8229121 4918152     cutoff   66       590.00000  180.00000  69.5%   683 71021s
 8240866 4926369  280.00000   60  343  590.00000  180.00000  69.5%   683 71114s
 8253236 4935029  197.50000   49  390  590.00000  180.00000  69.5%   683 71248s
 8266969 4943052  191.36268   49  416  590.00000  180.00000  69.5%   683 71387s
 8279688 4951803  323.27993   74  374  590.00000  180.00000  69.5%   683 71495s
 8292581 4958271  400.37040   60  452  590.00000  180.00000  69.5%   683 71622s
 8303054 4965856  186.66667   43  449  590.00000  180.00000  69.5%   683 71732s
 8316460 4973601  334.20877   51  446  590.00000  180.00000  69.5%   683 71816s
 8328076 4982105  180.48097   53  392  590.00000  180.00000  69.5%   683 71952s
 8342076 4989671  391.66667   65  340  590.00000  180.00000  69.5%   683 72062s
 8353819 4996962  294.65116   51  459  590.00000  180.00000  69.5%   683 72178s
 8365510 5004480     cutoff   65       590.00000  180.00000  69.5%   683 72277s
 8375798 5008936  326.82498   54  480  590.00000  180.00000  69.5%   683 72366s
 8382813 5022094     cutoff   66       590.00000  180.00000  69.5%   683 72580s
 8404059 5031002  435.00000   64  406  590.00000  180.00000  69.5%   683 72690s
 8417542 5038740  287.94266   54  444  590.00000  180.00000  69.5%   684 72835s
 8429759 5046161  188.26155   56  385  590.00000  180.00000  69.5%   684 72922s
 8442334 5053255  397.47471   58  385  590.00000  180.00000  69.5%   684 73044s
 8443275 5053255  503.57847   73  354  590.00000  180.00000  69.5%   684 73045s
 8453200 5060382  411.96042   68  362  590.00000  180.00000  69.5%   684 73181s
 8465034 5068143  189.59957   45  467  590.00000  180.00000  69.5%   684 73332s
 8476063 5075930  190.00000   50  371  590.00000  180.00000  69.5%   684 73470s
 8488131 5084006  387.02293   66  444  590.00000  180.00000  69.5%   684 73552s
 8500410 5091535  395.19504   58  425  590.00000  180.00000  69.5%   684 73623s
 8512158 5098585  280.02083   56  455  590.00000  180.00000  69.5%   685 73687s
 8524424 5106649     cutoff   66       590.00000  180.00000  69.5%   685 73750s
 8537749 5114274  281.31387   52  388  590.00000  180.00000  69.5%   685 73806s
 8549865 5117813  205.66860   51  433  590.00000  180.00000  69.5%   685 73863s
 8555022 5127005  516.09375   63  393  590.00000  180.00000  69.5%   685 74026s
 8570045 5135486  580.00000   63  299  590.00000  180.00000  69.5%   685 74153s
 8583629 5142587     cutoff   56       590.00000  180.00000  69.5%   685 74277s
 8595020 5149977  325.32675   60  445  590.00000  180.00000  69.5%   685 74390s
 8605871 5158424  295.73087   61  381  590.00000  180.00000  69.5%   685 74520s
 8617266 5166733  489.73317   62  390  590.00000  180.00000  69.5%   685 74665s
 8629329 5174810  180.73628   45  401  590.00000  180.00000  69.5%   685 74772s
 8643945 5181729  452.65279   66  415  590.00000  180.00000  69.5%   685 74862s
 8654637 5188161  201.06261   57  468  590.00000  180.00000  69.5%   685 74998s
 8665736 5196326  213.33333   47  426  590.00000  180.00000  69.5%   685 75119s
 8674048 5196326  282.10177   55  385  590.00000  180.00000  69.5%   685 75120s
 8678936 5203893  558.33333   58  378  590.00000  180.00000  69.5%   685 75238s
 8689577 5211760  428.24950   57  418  590.00000  180.00000  69.5%   685 75343s
 8700813 5220033  578.93805   68  413  590.00000  180.00000  69.5%   685 75449s
 8714016 5228394  400.00000   63  346  590.00000  180.00000  69.5%   685 75584s
 8715341 5228394  280.00000   51  407  590.00000  180.00000  69.5%   685 75585s
 8727149 5232425  280.25480   52  459  590.00000  180.00000  69.5%   685 75710s
 8733460 5232480  198.59682   43  481  590.00000  180.00000  69.5%   685 76088s
 8733562 5243046  198.69179   44  472  590.00000  180.00000  69.5%   685 76166s
 8750180 5251459  308.35145   61  365  590.00000  180.00000  69.5%   685 76230s
 8762045 5251516  394.88971   62  425  590.00000  180.00000  69.5%   686 76460s
 8762148 5302815  394.93506   63  410  590.00000  180.00000  69.5%   686 77152s
 8784170 5302815  286.66667   50  437  590.00000  180.00000  69.5%   686 77155s
 8842228 5310799  390.43221   54  424  590.00000  180.00000  69.5%   686 77249s
 8844691 5310799  203.40580   48  456  590.00000  180.00000  69.5%   686 77250s
 8854506 5314896  564.56309   76  404  590.00000  180.00000  69.5%   686 77374s
 8859921 5324856  480.00000   73  337  590.00000  180.00000  69.5%   686 77540s
 8875893 5333879  387.98114   57  407  590.00000  180.00000  69.5%   686 77637s
 8888779 5342075  206.23867   54  458  590.00000  180.00000  69.5%   686 77778s
 8901014 5349809  181.33333   50  424  590.00000  180.00000  69.5%   686 77873s
 8913622 5357194  204.34671   51  448  590.00000  180.00000  69.5%   686 77984s
 8916673 5357194  298.13101   56  374  590.00000  180.00000  69.5%   686 77985s
 8925188 5364789  236.00000   61  394  590.00000  180.00000  69.5%   687 78107s
 8936943 5371836  180.56562   46  455  590.00000  180.00000  69.5%   687 78241s
 8950574 5378950  280.00000   58  432  590.00000  180.00000  69.5%   687 78382s
 8962287 5386621  213.16950   58  448  590.00000  180.00000  69.5%   687 78510s
 8973713 5393568  203.04323   57  492  590.00000  180.00000  69.5%   687 78611s
 8984055 5396942  388.28023   56  455  590.00000  180.00000  69.5%   687 78690s
 8991095 5410307 infeasible   59       590.00000  180.00000  69.5%   687 78801s
 9014813 5418482  494.85487   64  410  590.00000  180.00000  69.5%   687 78869s
 9022526 5418482     cutoff   67       590.00000  180.00000  69.5%   687 78870s
 9026931 5427068  284.54727   54  415  590.00000  180.00000  69.5%   687 79021s
 9039215 5434844  274.23835   61  397  590.00000  180.00000  69.5%   687 79105s
 9051283 5442532  284.62081   56  396  590.00000  180.00000  69.5%   687 79234s
 9063523 5449955     cutoff   76       590.00000  180.00000  69.5%   687 79335s
 9074934 5456524  182.91568   49  412  590.00000  180.00000  69.5%   687 79467s
 9086913 5463671  372.50000   58  397  590.00000  180.00000  69.5%   687 79593s
 9099954 5471515  280.00000   55  425  590.00000  180.00000  69.5%   687 79712s
 9111427 5479435  302.37207   55  443  590.00000  180.00000  69.5%   688 79805s
 9122923 5487583  434.00000   58  406  590.00000  180.00000  69.5%   688 79945s
 9136212 5495777  375.40345   57  422  590.00000  180.00000  69.5%   688 80051s
 9149568 5499416     cutoff   60       590.00000  180.00000  69.5%   688 80151s
 9155644 5508679     cutoff   63       590.00000  180.00000  69.5%   688 80287s
 9169559 5517368  579.65143   76  405  590.00000  180.00000  69.5%   688 80439s
 9173635 5517368     cutoff   68       590.00000  180.00000  69.5%   688 80440s
 9182280 5524430  430.00000   55  393  590.00000  180.00000  69.5%   688 80566s
 9193142 5533374  509.23077   77  335  590.00000  180.00000  69.5%   688 80739s
 9196367 5533374  180.89226   49  463  590.00000  180.00000  69.5%   688 80740s
 9208068 5540768  201.91714   58  427  590.00000  180.00000  69.5%   688 80832s
 9221395 5548405  319.63179   53  465  590.00000  180.00000  69.5%   688 80964s
 9227730 5548405  556.25000   68  394  590.00000  180.00000  69.5%   688 80965s
 9232839 5556676  492.74510   68  403  590.00000  180.00000  69.5%   688 81111s
 9246030 5563528     cutoff   74       590.00000  180.00000  69.5%   688 81238s
 9256775 5571590  280.67985   55  447  590.00000  180.00000  69.5%   688 81333s
 9269575 5579359  180.00000   41  384  590.00000  180.00000  69.5%   688 81404s
 9280621 5588324  414.65705   58  403  590.00000  180.00000  69.5%   688 81470s
 9294478 5595745  194.00000   53  455  590.00000  180.00000  69.5%   688 81525s
 9305761 5603239  332.69458   69  350  590.00000  180.00000  69.5%   688 81580s
 9317318 5610235  384.97471   57  397  590.00000  180.00000  69.5%   688 81634s
 9325781 5610235  280.00000   47  417  590.00000  180.00000  69.5%   688 81635s
 9327598 5610295  553.75000   60  428  590.00000  180.00000  69.5%   688 81976s
 9327693 5661165     cutoff   61       590.00000  180.00000  69.5%   688 82339s
 9379745 5661165  180.06659   48  482  590.00000  180.00000  69.5%   689 82343s
 9407773 5670172  193.81716   54  399  590.00000  180.00000  69.5%   689 82402s
 9421815 5677370  487.31475   66  371  590.00000  180.00000  69.5%   689 82452s
 9433324 5684359  545.49694   62  386  590.00000  180.00000  69.5%   689 82503s
 9444516 5692551  392.41805   69  438  590.00000  180.00000  69.5%   689 82555s
 9457311 5696905  215.07240   56  452  590.00000  180.00000  69.5%   689 82609s
 9459255 5696905  180.80829   50  417  590.00000  180.00000  69.5%   689 82610s
 9463534 5712945  180.00000   52  395  590.00000  180.00000  69.5%   689 82716s
 9488254 5720181  288.33333   60  394  590.00000  180.00000  69.5%   689 82776s
 9500491 5728251     cutoff   64       590.00000  180.00000  69.5%   689 82837s
 9512670 5736486  375.09524   61  375  590.00000  180.00000  69.5%   689 82895s
 9524815 5744314  281.51056   53  445  590.00000  180.00000  69.5%   689 82951s
 9538226 5751809     cutoff   70       590.00000  180.00000  69.5%   689 83003s
 9549560 5759833  182.00000   52  449  590.00000  180.00000  69.5%   689 83056s
 9561635 5767938  180.24257   49  431  590.00000  180.00000  69.5%   689 83115s
 9574642 5775504  550.28865   69  398  590.00000  180.00000  69.5%   689 83168s
 9586067 5782644  303.17566   58  384  590.00000  180.00000  69.5%   689 83220s
 9596008 5789865  291.11111   51  422  590.00000  180.00000  69.5%   690 83279s
 9607822 5798301  490.45091   62  364  590.00000  180.00000  69.5%   690 83336s
 9620820 5806065  406.68939   60  420  590.00000  180.00000  69.5%   690 83388s
 9632534 5809465  387.65513   60  454  590.00000  180.00000  69.5%   690 83439s
 9637753 5819322  257.31563   57  476  590.00000  180.00000  69.5%   690 83508s
 9653517 5827165  214.66019   54  412  590.00000  180.00000  69.5%   690 83566s
 9665491 5835330  413.33333   63  408  590.00000  180.00000  69.5%   690 83623s
 9678430 5843009  209.23395   56  389  590.00000  180.00000  69.5%   690 83677s
 9690741 5850362  191.97873   54  401  590.00000  180.00000  69.5%   690 83732s
 9701224 5858072  281.15932   51  429  590.00000  180.00000  69.5%   690 83789s
 9712211 5867061  405.00000   59  357  590.00000  180.00000  69.5%   690 83850s
 9726466 5874843  193.88045   48  431  590.00000  180.00000  69.5%   690 83905s
 9738008 5882432  431.26288   68  440  590.00000  180.00000  69.5%   691 83961s
 9750831 5890811  180.54968   48  426  590.00000  180.00000  69.5%   691 84019s
 9756811 5890811  190.30170   52  502  590.00000  180.00000  69.5%   691 84020s
 9763812 5898231  293.34905   69  419  590.00000  180.00000  69.5%   691 84073s
 9775750 5904913     cutoff   55       590.00000  180.00000  69.5%   691 84125s
 9786049 5911275  520.24015   61  402  590.00000  180.00000  69.5%   691 84181s
 9796596 5915738  288.64865   60  479  590.00000  180.00000  69.5%   691 84236s
 9803582 5927702  277.29570   59  438  590.00000  180.00000  69.5%   691 84329s
 9824584 5936558  547.22222   64  364  590.00000  180.00000  69.5%   691 84394s
 9838891 5943820  390.52368   66  448  590.00000  180.00000  69.5%   691 84450s
 9850275 5951731  392.06897   58  429  590.00000  180.00000  69.5%   691 84509s
 9854951 5951731  180.00000   48  419  590.00000  180.00000  69.5%   691 84510s
 9862880 5959519  280.00000   56  466  590.00000  180.00000  69.5%   691 84562s
 9875256 5967070  290.00000   45  430  590.00000  180.00000  69.5%   691 84615s
 9887083 5974198  563.21839   73  422  590.00000  180.00000  69.5%   691 84667s
 9898258 5982319  292.46934   54  434  590.00000  180.00000  69.5%   691 84725s
 9911677 5989395  347.59393   59  417  590.00000  180.00000  69.5%   691 84777s
 9921884 5996589  188.42152   56  444  590.00000  180.00000  69.5%   691 84833s
 9935251 6003708  181.96552   51  447  590.00000  180.00000  69.5%   691 84884s
 9938048 6003708  330.73384   63  406  590.00000  180.00000  69.5%   691 84885s
 9946668 6011705  290.00000   53  415  590.00000  180.00000  69.5%   691 84944s
 9959780 6011770     cutoff   64       590.00000  180.00000  69.5%   691 85231s
 9959874 6015289  572.69197   64  357  590.00000  180.00000  69.5%   691 85315s
 9965311 6024181  219.78424   56  409  590.00000  180.00000  69.5%   691 85407s
 9980836 6032306  444.00544   68  433  590.00000  180.00000  69.5%   692 85467s
 9992391 6041344  390.42424   65  369  590.00000  180.00000  69.5%   692 85526s
 10006984 6048158  355.77300   55  382  590.00000  180.00000  69.5%   692 85575s
 10017400 6055454  293.63290   66  353  590.00000  180.00000  69.5%   692 85626s
 10027873 6062776  580.00000   81  315  590.00000  180.00000  69.5%   692 85687s
 10039289 6071108  366.53846   58  362  590.00000  180.00000  69.5%   692 85783s
 10052353 6078293  185.82673   46  477  590.00000  180.00000  69.5%   692 85863s
 10063028 6086173  563.33333   67  395  590.00000  180.00000  69.5%   692 85919s
 10074955 6093869  305.52733   64  351  590.00000  180.00000  69.5%   692 85975s
 10086963 6098330  286.31076   58  414  590.00000  180.00000  69.5%   692 86046s
 10092883 6115315  272.85714   55  409  590.00000  180.00000  69.5%   692 86170s
 10119778 6123851  550.91436   64  385  590.00000  180.00000  69.5%   692 86235s
 10132510 6132271  231.66667   50  463  590.00000  180.00000  69.5%   693 86296s
 10146039 6140487  200.21084   61  351  590.00000  180.00000  69.5%   693 86359s
 10158280 6148582  203.39286   47  435  590.00000  180.00000  69.5%   693 86421s
 10170330 6156898  180.09259   46  452  590.00000  180.00000  69.5%   693 86481s
 10182907 6165023  180.00000   45  384  590.00000  180.00000  69.5%   693 86538s
 10194697 6173039  403.38601   70  421  590.00000  180.00000  69.5%   693 86599s
 10200957 6173039  185.96422   48  440  590.00000  180.00000  69.5%   693 86600s
 10206935 6181652     cutoff   74       590.00000  180.00000  69.5%   693 86659s
 10207242 6181652  187.16950   50  447  590.00000  180.00000  69.5%   693 86660s
 10219427 6189562  192.14021   51  445  590.00000  180.00000  69.5%   693 86718s
 10232497 6196598  226.86283   58  426  590.00000  180.00000  69.5%   693 86772s
 10242561 6205326  365.17970   71  415  590.00000  180.00000  69.5%   693 86833s
 10256892 6212849  231.74696   56  447  590.00000  180.00000  69.5%   693 86884s
 10268975 6215893  574.06648   69  396  590.00000  180.00000  69.5%   693 86933s
 10273746 6224779  380.00000   56  412  590.00000  180.00000  69.5%   693 87025s
 10288143 6231897  181.85256   48  413  590.00000  180.00000  69.5%   693 87111s
 10301732 6239535  390.91036   58  403  590.00000  180.00000  69.5%   693 87197s
 10313337 6248043  194.19530   46  369  590.00000  180.00000  69.5%   693 87271s
 10325307 6256664  191.29519   54  391  590.00000  180.00000  69.5%   693 87341s
 10338015 6264780  396.00000   60  316  590.00000  180.00000  69.5%   693 87407s
 10349893 6272409  396.90529   70  377  590.00000  180.00000  69.5%   693 87470s
 10361692 6281141 infeasible   72       590.00000  180.00000  69.5%   694 87530s
 10375120 6288685  284.47368   48  410  590.00000  180.00000  69.5%   694 87616s
 10386034 6297592     cutoff   66       590.00000  180.00000  69.5%   694 87692s
 10399156 6305767  194.44444   51  418  590.00000  180.00000  69.5%   694 87758s
 10411744 6313838  496.74842   76  342  590.00000  180.00000  69.5%   694 87821s
 10426195 6321565  181.06599   46  401  590.00000  180.00000  69.5%   694 87891s
 10438463 6324531  566.41204   75  375  590.00000  180.00000  69.5%   694 87953s
 10444099 6332884  388.64488   60  437  590.00000  180.00000  69.5%   694 88022s
 10457416 6341570  290.20522   64  414  590.00000  180.00000  69.5%   694 88107s
 10471227 6348760  414.67130   60  379  590.00000  180.00000  69.5%   694 88184s
 10481026 6348760  190.36840   51  443  590.00000  180.00000  69.5%   694 88185s
 10482054 6356155  279.47410   55  409  590.00000  180.00000  69.5%   694 88256s
 10492387 6363755  192.08333   48  421  590.00000  180.00000  69.5%   694 88340s
 10506313 6372433  580.00000   68  350  590.00000  180.00000  69.5%   694 88417s
 10519886 6380284  502.81513   65  390  590.00000  180.00000  69.5%   694 88489s
 10525611 6380284  554.88490   68  386  590.00000  180.00000  69.5%   694 88490s
 10532226 6386970  280.13933   51  404  590.00000  180.00000  69.5%   694 88559s
 10543690 6393067  258.09976   52  472  590.00000  180.00000  69.5%   694 88625s
 10554200 6400807  250.00000   55  388  590.00000  180.00000  69.5%   694 88703s
 10565429 6407971  474.30063   58  413  590.00000  180.00000  69.5%   694 88782s
 10577444 6408025  471.66667   58  368  590.00000  180.00000  69.5%   694 89038s
 10577541 6416429  480.00000   59  365  590.00000  180.00000  69.5%   694 89123s
 10592430 6420413  240.24126   56  429  590.00000  180.00000  69.5%   694 89191s
 10598330 6430217  303.38753   57  462  590.00000  180.00000  69.5%   694 89277s
 10614731 6437729  443.52381   54  412  590.00000  180.00000  69.5%   694 89345s
 10627626 6445304  187.23744   50  373  590.00000  180.00000  69.5%   694 89407s
 10641030 6452046     cutoff   55       590.00000  180.00000  69.5%   694 89461s
 10652247 6458959  187.16049   52  393  590.00000  180.00000  69.5%   694 89517s
 10664777 6465482  370.89986   52  441  590.00000  180.00000  69.5%   694 89596s
 10678160 6472879  184.90152   49  438  590.00000  180.00000  69.5%   694 89758s
 10689758 6480489  382.18204   57  432  590.00000  180.00000  69.5%   694 89918s
 10697619 6480489     cutoff   60       590.00000  180.00000  69.5%   694 89920s
 10701014 6488586  340.00000   48  414  590.00000  180.00000  69.5%   694 90090s
 10712089 6496413  411.06126   79  409  590.00000  180.00000  69.5%   694 90271s
 10726114 6503450  285.34653   57  388  590.00000  180.00000  69.5%   694 90437s
 10738131 6503509  253.47181   58  440  590.00000  180.00000  69.5%   694 91060s
 10738232 6507294  269.25548   59  440  590.00000  180.00000  69.5%   694 91199s
 10744830 6516588     cutoff   64       590.00000  180.00000  69.5%   694 91404s
 10758623 6516588  573.91675   69  428  590.00000  180.00000  69.5%   694 91407s
 10759510 6525418  197.65721   47  464  590.00000  180.00000  69.5%   694 91556s
 10772648 6532993  422.38030   56  430  590.00000  180.00000  69.5%   694 91708s
 10784486 6540951  432.50000   56  405  590.00000  180.00000  69.5%   694 91849s
 10785230 6540951  204.47691   49  457  590.00000  180.00000  69.5%   694 91850s
 10796352 6548324  198.83299   52  471  590.00000  180.00000  69.5%   694 92003s
 10807779 6555387  494.97992   67  364  590.00000  180.00000  69.5%   695 92156s
 10820071 6563938  327.54011   67  400  590.00000  180.00000  69.5%   695 92300s
 10832325 6573044  455.33937   78  414  590.00000  180.00000  69.5%   695 92436s
 10846933 6581305  182.40543   53  378  590.00000  180.00000  69.5%   695 92554s
 10850252 6581305  433.63636   62  336  590.00000  180.00000  69.5%   695 92555s
 10859952 6591323     cutoff   66       590.00000  180.00000  69.5%   695 92682s
 10875300 6597826  180.00000   50  357  590.00000  180.00000  69.5%   695 92785s
 10887303 6600764  346.66667   51  346  590.00000  180.00000  69.5%   695 92861s
 10891847 6610481  180.09414   47  480  590.00000  180.00000  69.5%   695 92967s
 10906489 6619693  307.44505   57  370  590.00000  180.00000  69.5%   695 93066s
 10923411 6626492  196.96629   51  412  590.00000  180.00000  69.5%   694 93136s
 10934698 6632635  394.22222   58  366  590.00000  180.00000  69.5%   694 93206s
 10945590 6639232  182.16210   51  435  590.00000  180.00000  69.5%   694 93283s
 10957775 6648875  196.98156   52  449  590.00000  180.00000  69.5%   694 93379s
 10973141 6655733  494.13793   66  369  590.00000  180.00000  69.5%   694 93453s
 10983507 6663175  291.08247   62  356  590.00000  180.00000  69.5%   694 93531s
 10996482 6670204  207.68564   52  415  590.00000  180.00000  69.5%   694 93603s
 11007873 6678853  460.00000   61  359  590.00000  180.00000  69.5%   694 93693s
 11023512 6685347  392.68041   68  383  590.00000  180.00000  69.5%   694 93760s
 11034876 6693041  537.16478   75  375  590.00000  180.00000  69.5%   694 93827s
 11046721 6699722  217.45098   54  371  590.00000  180.00000  69.5%   694 93895s
 11059819 6708486  331.87500   56  347  590.00000  180.00000  69.5%   694 93978s
 11074323 6715734  313.81348   66  406  590.00000  180.00000  69.5%   694 94047s
 11086167 6719034  280.00000   48  372  590.00000  180.00000  69.5%   694 94114s
 11091839 6728268  363.75000   64  383  590.00000  180.00000  69.5%   694 94205s
 11108031 6736661  326.07143   61  386  590.00000  180.00000  69.5%   694 94290s
 11122903 6743444  325.44755   54  395  590.00000  180.00000  69.5%   694 94356s
 11134899 6751115     cutoff   63       590.00000  180.00000  69.5%   694 94423s
 11147775 6758095     cutoff   73       590.00000  180.00000  69.5%   694 94487s
 11158436 6767571  193.63650   55  431  590.00000  180.00000  69.5%   694 94568s
 11172992 6767634  566.57058   74  329  590.00000  180.00000  69.5%   694 94834s
 11173086 6776026     cutoff   75       590.00000  180.00000  69.5%   694 94901s
 11187196 6784084  389.40728   55  430  590.00000  180.00000  69.5%   694 94961s
 11198390 6790976     cutoff   61       590.00000  180.00000  69.5%   694 95023s
 11212486 6800746  228.12469   58  450  590.00000  180.00000  69.5%   694 95097s
 11227465 6807990  287.84314   56  363  590.00000  180.00000  69.5%   694 95156s
 11240087 6815065  221.67912   61  445  590.00000  180.00000  69.5%   694 95212s
 11251829 6817862  290.64100   61  414  590.00000  180.00000  69.5%   694 95263s
 11255421 6826599  273.00817   53  417  590.00000  180.00000  69.5%   694 95338s
 11269233 6834695  525.00000   57  319  590.00000  180.00000  69.5%   694 95407s
 11282180 6842137  494.40850   58  427  590.00000  180.00000  69.5%   694 95470s
 11293040 6849898  394.60000   59  378  590.00000  180.00000  69.5%   694 95538s
 11304146 6858126  190.22147   57  460  590.00000  180.00000  69.5%   694 95605s
 11315342 6865959  435.61179   62  396  590.00000  180.00000  69.5%   694 95673s
 11329022 6873033  283.89488   50  429  590.00000  180.00000  69.5%   694 95731s
 11339141 6881178  180.00000   48  405  590.00000  180.00000  69.5%   694 95796s
 11353791 6887904     cutoff   52       590.00000  180.00000  69.5%   694 95852s
 11364349 6896363  204.16667   49  450  590.00000  180.00000  69.5%   694 95918s
 11378048 6903457  220.00000   53  396  590.00000  180.00000  69.5%   694 95975s
 11389574 6910097  197.75338   52  397  590.00000  180.00000  69.5%   694 96032s
 11400103 6917566  193.88855   52  436  590.00000  180.00000  69.5%   694 96091s
 11412602 6925856 infeasible   60       590.00000  180.00000  69.5%   694 96155s
 11425823 6929347     cutoff   63       590.00000  180.00000  69.5%   694 96208s
 11432141 6938498  380.00000   58  400  590.00000  180.00000  69.5%   694 96281s
 11448273 6946410  232.36828   50  383  590.00000  180.00000  69.5%   694 96343s
 11460083 6954545  180.43123   46  465  590.00000  180.00000  69.5%   694 96405s
 11472877 6962331  195.84847   57  477  590.00000  180.00000  69.5%   695 96465s
 11485255 6969269  407.74376   64  414  590.00000  180.00000  69.5%   695 96522s
 11495986 6977522  182.00000   45  452  590.00000  180.00000  69.5%   695 96584s
 11504279 6977522  335.22989   61  459  590.00000  180.00000  69.5%   695 96585s
 11507789 6985396  486.10550   71  438  590.00000  180.00000  69.5%   695 96648s
 11521383 6992512  289.97106   65  426  590.00000  180.00000  69.5%   695 96703s
 11531858 7000070  280.00000   59  422  590.00000  180.00000  69.5%   695 96761s
 11542504 7008282     cutoff   77       590.00000  180.00000  69.5%   695 96823s
 11554968 7016892  527.55087   56  444  590.00000  180.00000  69.5%   695 96885s
 11567044 7024500  497.50000   69  380  590.00000  180.00000  69.5%   695 96948s
 11579100 7032084  390.35018   69  400  590.00000  180.00000  69.5%   695 97008s
 11590436 7036297  180.65249   49  397  590.00000  180.00000  69.5%   695 97067s
 11597209 7045949  205.48635   54  489  590.00000  180.00000  69.5%   695 97145s
 11613554 7054903  286.21898   64  450  590.00000  180.00000  69.5%   695 97207s
 11627842 7061865  182.00648   48  431  590.00000  180.00000  69.5%   695 97258s
 11638511 7069487  290.00000   58  408  590.00000  180.00000  69.5%   695 97313s
 11649582 7076300 infeasible   59       590.00000  180.00000  69.5%   695 97371s
 11662773 7083506     cutoff   75       590.00000  180.00000  69.5%   695 97432s
 11676248 7090361  206.42728   50  472  590.00000  180.00000  69.5%   695 97485s
 11687568 7097414  391.21479   56  439  590.00000  180.00000  69.5%   695 97537s
 11697628 7105764  447.50000   62  405  590.00000  180.00000  69.5%   696 97598s
 11710998 7113634  189.32584   53  480  590.00000  180.00000  69.5%   696 97702s
 11720214 7113634  240.83333   55  396  590.00000  180.00000  69.5%   696 97705s
 11723323 7121022  226.11111   48  458  590.00000  180.00000  69.5%   696 97862s
 11735190 7121084  380.00000   56  431  590.00000  180.00000  69.5%   696 98251s
 11735286 7129448  385.71429   57  419  590.00000  180.00000  69.5%   696 98339s
 11748227 7134021  510.27599   61  449  590.00000  180.00000  69.5%   696 98415s
 11755676 7143690  519.92715   66  424  590.00000  180.00000  69.5%   696 98498s
 11771584 7152229  375.08335   62  397  590.00000  180.00000  69.5%   696 98564s
 11773317 7152229  531.18795   71  395  590.00000  180.00000  69.5%   696 98565s
 11784517 7160079  413.33333   73  358  590.00000  180.00000  69.5%   696 98661s
 11796744 7169104  280.00000   52  390  590.00000  180.00000  69.5%   696 98760s
 11812008 7176803  328.96277   60  443  590.00000  180.00000  69.5%   696 98841s
 11823901 7185795  275.86646   54  461  590.00000  180.00000  69.5%   696 98942s
 11838142 7192351  180.00000   45  390  590.00000  180.00000  69.5%   696 98999s
 11844339 7192351  188.12500   59  366  590.00000  180.00000  69.5%   696 99000s
 11851109 7199801  296.87057   50  422  590.00000  180.00000  69.5%   696 99096s
 11863171 7206645  182.13076   49  411  590.00000  180.00000  69.5%   696 99173s
 11874132 7214393  291.77617   50  455  590.00000  180.00000  69.5%   696 99293s
 11888885 7221425  285.00000   50  389  590.00000  180.00000  69.5%   696 99358s
 11899013 7228510  225.25000   48  435  590.00000  180.00000  69.5%   696 99411s
 11910305 7232307  413.96015   57  410  590.00000  180.00000  69.5%   696 99463s
 11916472 7241596  332.07813   61  419  590.00000  180.00000  69.5%   696 99531s
 11931220 7249935  185.00000   48  430  590.00000  180.00000  69.5%   696 99634s
 11944410 7258038  180.47102   43  478  590.00000  180.00000  69.5%   696 99746s
 11957157 7265830  284.68981   52  450  590.00000  180.00000  69.5%   696 99799s
 11969220 7273408  456.46675   67  397  590.00000  180.00000  69.5%   696 99849s
 11970060 7273408  180.77348   50  404  590.00000  180.00000  69.5%   696 99850s
 11978822 7280205  400.00000   74  364  590.00000  180.00000  69.5%   696 99909s
 11990364 7288154  200.00000   55  409  590.00000  180.00000  69.5%   696 100023s
 11997218 7288154  400.00000   50  409  590.00000  180.00000  69.5%   696 100025s
 12004369 7295130  187.40407   46  478  590.00000  180.00000  69.5%   696 100127s
 12015438 7303503  308.00000   46  405  590.00000  180.00000  69.5%   696 100186s
 12027788 7311810  410.00000   58  405  590.00000  180.00000  69.5%   696 100245s
 12039403 7320183  472.38282   63  331  590.00000  180.00000  69.5%   696 100308s
 12051465 7328020  479.28571   69  354  590.00000  180.00000  69.5%   696 100390s
 12062534 7336318  290.00000   61  366  590.00000  180.00000  69.5%   697 100494s
 12070285 7336318  280.70539   61  407  590.00000  180.00000  69.5%   697 100495s
 12074764 7344776  188.20006   44  483  590.00000  180.00000  69.5%   697 100562s
 12087843 7348337  183.30830   57  391  590.00000  180.00000  69.5%   697 100613s
 12092498 7357623  194.51223   47  448  590.00000  180.00000  69.5%   697 100684s
 12104030 7357623  197.18291   57  416  590.00000  180.00000  69.5%   697 100685s
 12106078 7366368  297.70833   47  469  590.00000  180.00000  69.5%   697 100750s
 12118355 7374774  243.09774   57  384  590.00000  180.00000  69.5%   697 100862s
 12130478 7382593  184.87442   52  467  590.00000  180.00000  69.5%   697 100942s
 12143020 7390833  181.33333   44  424  590.00000  180.00000  69.5%   697 101018s
 12156232 7397967  518.59034   58  423  590.00000  180.00000  69.5%   697 101076s
 12166369 7405168 infeasible   75       590.00000  180.00000  69.5%   697 101189s
 12177208 7412204  300.00000   59  418  590.00000  180.00000  69.5%   697 101251s
 12189739 7419032     cutoff   60       590.00000  180.00000  69.5%   698 101309s
 12199165 7419032     cutoff   69       590.00000  180.00000  69.5%   698 101310s
 12203438 7426431  216.33222   56  385  590.00000  180.00000  69.5%   697 101362s
 12215418 7433958  289.58592   61  367  590.00000  180.00000  69.5%   697 101445s
 12227151 7441766  432.37596   59  407  590.00000  180.00000  69.5%   697 101527s
 12241687 7448700  225.65508   47  473  590.00000  180.00000  69.5%   697 101578s
 12251588 7452457     cutoff   61       590.00000  180.00000  69.5%   698 101632s
 12257580 7461924  180.93201   44  451  590.00000  180.00000  69.5%   697 101704s
 12273413 7470280  287.09220   52  397  590.00000  180.00000  69.5%   698 101763s
 12285113 7478951  483.27659   68  348  590.00000  180.00000  69.5%   698 101829s
 12287256 7478951     cutoff   70       590.00000  180.00000  69.5%   698 101830s
 12297831 7486922  191.40728   59  442  590.00000  180.00000  69.5%   698 101948s
 12310572 7494198  499.00153   82  366  590.00000  180.00000  69.5%   698 102012s
 12322019 7502715  476.00515   53  409  590.00000  180.00000  69.5%   698 102079s
 12335750 7510035  187.24416   48  487  590.00000  180.00000  69.5%   698 102137s
 12346628 7519002  281.98787   57  371  590.00000  180.00000  69.5%   698 102195s
 12361337 7519062     cutoff   74       590.00000  180.00000  69.5%   698 102458s
 12361433 7527003  180.09910   46  398  590.00000  180.00000  69.5%   698 102512s
 12375616 7531941  506.90954   67  322  590.00000  180.00000  69.5%   698 102573s
 12383782 7545753  180.41265   47  453  590.00000  180.00000  69.5%   698 102662s
 12406050 7555522  293.60320   59  362  590.00000  180.00000  69.5%   698 102721s
 12422173 7565558  399.61465   63  436  590.00000  180.00000  69.5%   697 102871s
 12438671 7572316  180.56377   53  394  590.00000  180.00000  69.5%   697 102932s
 12451616 7578005  195.31419   53  418  590.00000  180.00000  69.5%   697 102986s
 12462798 7584432  280.00000   54  411  590.00000  180.00000  69.5%   697 103040s
 12472689 7593134  455.78995   71  387  590.00000  180.00000  69.5%   697 103114s
 12486915 7600400  184.16667   47  391  590.00000  180.00000  69.5%   697 103174s
 12498635 7608146 infeasible   70       590.00000  180.00000  69.5%   697 103231s
 12511012 7615299     cutoff   74       590.00000  180.00000  69.5%   697 103283s
 12521933 7623407  180.00000   49  394  590.00000  180.00000  69.5%   697 103345s
 12534070 7631433  183.13737   54  368  590.00000  180.00000  69.5%   697 103489s
 12547598 7638830  193.53563   47  458  590.00000  180.00000  69.5%   697 103544s
 12559144 7646531  187.77908   58  423  590.00000  180.00000  69.5%   697 103601s
 12570807 7654835  193.59825   55  428  590.00000  180.00000  69.5%   697 103661s
 12583681 7658340  382.03328   58  387  590.00000  180.00000  69.5%   697 103767s
 12589855 7669093  197.71393   49  421  590.00000  180.00000  69.5%   697 103877s
 12606123 7678587  376.66667   53  407  590.00000  180.00000  69.5%   697 103953s
 12622509 7688469  190.14674   46  464  590.00000  180.00000  69.5%   697 104028s
 12638498 7696042 infeasible   62       590.00000  180.00000  69.5%   697 104083s
 12650011 7702565  474.15140   62  379  590.00000  180.00000  69.5%   697 104137s
 12660317 7710057     cutoff   58       590.00000  180.00000  69.5%   697 104193s
 12673013 7719717  187.12618   46  480  590.00000  180.00000  69.5%   697 104257s
 12689193 7726438  198.09005   46  469  590.00000  180.00000  69.5%   697 104325s
 12698995 7733657  317.10415   58  383  590.00000  180.00000  69.5%   697 104433s
 12709966 7740940     cutoff   72       590.00000  180.00000  69.5%   697 104486s
 12720481 7749193  480.00000   55  315  590.00000  180.00000  69.5%   697 104544s
 12732253 7757091  390.00000   49  429  590.00000  180.00000  69.5%   697 104604s
 12744572 7764187  281.91464   62  373  590.00000  180.00000  69.5%   697 104665s
 12758468 7771941  182.92262   53  450  590.00000  180.00000  69.5%   697 104720s
 12770017 7776532     cutoff   65       590.00000  180.00000  69.5%   697 104776s
 12776335 7792029  465.00000   63  402  590.00000  180.00000  69.5%   697 104949s
 12786709 7792029     cutoff   68       590.00000  180.00000  69.5%   697 104950s
 12801263 7800673  580.00000   66  363  590.00000  180.00000  69.5%   697 105044s
 12813740 7800673  457.55835   56  440  590.00000  180.00000  69.5%   697 105045s
 12814796 7807970  322.50000   54  402  590.00000  180.00000  69.5%   697 105121s
 12828598 7815492  187.58768   46  474  590.00000  180.00000  69.5%   697 105195s
 12840417 7823537  291.36477   52  411  590.00000  180.00000  69.5%   697 105268s
 12855035 7831221  185.00000   41  444  590.00000  180.00000  69.5%   697 105333s
 12866268 7831285  560.94181   81  314  590.00000  180.00000  69.5%   697 105556s
 12866360 7839156     cutoff   81       590.00000  180.00000  69.5%   697 105633s
 12873808 7839156  503.90232   70  426  590.00000  180.00000  69.5%   697 105635s
 12879431 7846995  455.00000   55  397  590.00000  180.00000  69.5%   697 105776s
 12894014 7854165     cutoff   72       590.00000  180.00000  69.5%   697 105833s
 12904730 7857410  399.73422   70  460  590.00000  180.00000  69.5%   697 105887s
 12910884 7868057  180.00000   46  387  590.00000  180.00000  69.5%   697 105959s
 12916033 7868057  201.11914   52  406  590.00000  180.00000  69.5%   697 105960s
 12927034 7878441  518.60556   83  377  590.00000  180.00000  69.5%   697 106025s
 12943975 7885545  271.46754   61  410  590.00000  180.00000  69.5%   697 106070s
 12954686 7892248  450.43131   61  416  590.00000  180.00000  69.5%   697 106117s
 12966421 7898856  203.43119   50  444  590.00000  180.00000  69.5%   697 106210s
 12978005 7898920  290.81156   58  383  590.00000  180.00000  69.5%   697 106490s
 12978098 7949533  294.29851   58  389  590.00000  180.00000  69.5%   697 106948s
 13006126 7949533  205.72609   50  436  590.00000  180.00000  69.5%   697 106950s
 13058178 7958833  180.45102   51  461  590.00000  180.00000  69.5%   697 107020s
 13072926 7962387  206.78196   49  432  590.00000  180.00000  69.5%   697 107074s
 13078948 7972298  483.50090   72  413  590.00000  180.00000  69.5%   697 107142s
 13094882 7980658  186.08108   48  424  590.00000  180.00000  69.5%   697 107197s
 13107895 7990142  283.33333   49  364  590.00000  180.00000  69.5%   697 107327s
 13122989 7997376  187.67302   54  441  590.00000  180.00000  69.5%   697 107422s
 13137276 8004507  330.00000   52  365  590.00000  180.00000  69.5%   697 107472s
 13149896 8010737  417.16421   49  379  590.00000  180.00000  69.5%   696 107514s
 13160032 8019512     cutoff   71       590.00000  180.00000  69.5%   696 107574s
 13173682 8026796  308.06440   49  437  590.00000  180.00000  69.5%   697 107627s
 13186874 8034772     cutoff   59       590.00000  180.00000  69.5%   696 107678s
 13199106 8042205  185.01035   53  448  590.00000  180.00000  69.5%   696 107727s
 13210862 8051064  331.40171   61  411  590.00000  180.00000  69.5%   696 107788s
 13226992 8057936  529.20947   75  393  590.00000  180.00000  69.5%   696 107834s
 13237935 8064526  340.07182   56  409  590.00000  180.00000  69.5%   696 107880s
 13249747 8071058  190.51015   48  504  590.00000  180.00000  69.5%   696 107928s
 13261231 8076005  184.06208   49  477  590.00000  180.00000  69.5%   696 107989s
 13269204 8088802  196.55332   51  413  590.00000  180.00000  69.5%   696 108079s
 13273778 8088802  240.27966   55  446  590.00000  180.00000  69.5%   696 108080s
 13291580 8095941  184.44245   52  469  590.00000  180.00000  69.5%   696 108136s
 13303735 8103069     cutoff   73       590.00000  180.00000  69.5%   696 108195s
 13315483 8110934  414.68835   64  431  590.00000  180.00000  69.5%   696 108274s
 13317583 8110934  296.54039   58  396  590.00000  180.00000  69.5%   696 108275s
 13328745 8118677  252.28193   58  399  590.00000  180.00000  69.5%   696 108382s
 13340408 8126076  216.66667   50  419  590.00000  180.00000  69.5%   696 108449s
 13340528 8126076     cutoff   68       590.00000  180.00000  69.5%   696 108450s
 13352096 8133625  324.08957   63  395  590.00000  180.00000  69.5%   696 108509s
 13360713 8133625  484.52567   60  416  590.00000  180.00000  69.5%   696 108510s
 13363976 8141419  416.90643   67  375  590.00000  180.00000  69.5%   696 108569s
 13378758 8148159  383.67725   59  341  590.00000  180.00000  69.5%   696 108647s
 13388731 8155846  239.66029   62  436  590.00000  180.00000  69.5%   696 108765s
 13399754 8163182  400.00000   58  415  590.00000  180.00000  69.5%   697 108878s
 13406575 8163182  554.13786   66  320  590.00000  180.00000  69.5%   697 108880s
 13412298 8170874  188.28217   49  405  590.00000  180.00000  69.5%   697 109027s
 13424575 8178474  470.00000   58  370  590.00000  180.00000  69.5%   697 109177s
 13436533 8185872  187.51779   45  426  590.00000  180.00000  69.5%   697 109327s
 13447867 8190136  490.00000   60  380  590.00000  180.00000  69.5%   697 109482s
 13454611 8200353  189.29724   48  483  590.00000  180.00000  69.5%   697 109690s
 13469824 8209349  317.88429   61  433  590.00000  180.00000  69.5%   697 109870s
 13484108 8215925  185.12821   46  407  590.00000  180.00000  69.5%   697 110007s
 13495255 8223162  414.27514   60  369  590.00000  180.00000  69.5%   697 110150s
 13506496 8229864  290.65810   62  368  590.00000  180.00000  69.5%   697 110301s
 13517527 8238049  518.24100   67  360  590.00000  180.00000  69.5%   697 110461s
 13530820 8246405  240.74627   53  420  590.00000  180.00000  69.5%   697 110609s
 13531635 8246405  183.28833   48  384  590.00000  180.00000  69.5%   697 110610s
 13543104 8254021  181.31364   52  426  590.00000  180.00000  69.5%   697 110757s
 13555575 8261389  206.67598   57  379  590.00000  180.00000  69.5%   697 110900s
 13566962 8269761  487.70763   67  391  590.00000  180.00000  69.5%   697 111053s
 13579288 8269761  181.79060   49  445  590.00000  180.00000  69.5%   697 111056s
 13580183 8277191  290.62413   60  376  590.00000  180.00000  69.5%   697 111193s
 13586340 8277191  287.50000   62  386  590.00000  180.00000  69.5%   697 111195s
 13591669 8277252  243.59179   59  416  590.00000  180.00000  69.5%   697 111769s
 13591768 8284960  245.41667   60  403  590.00000  180.00000  69.5%   697 111925s
 13604268 8288449  298.90880   52  456  590.00000  180.00000  69.5%   697 112083s
 13609825 8299250  257.04545   53  390  590.00000  180.00000  69.5%   697 112293s
 13627010 8306514  186.25731   44  416  590.00000  180.00000  69.5%   697 112458s
 13637689 8315298  291.55577   58  372  590.00000  180.00000  69.5%   697 112646s
 13650243 8324048     cutoff   70       590.00000  180.00000  69.5%   697 112825s
 13664341 8332640  280.00000   59  446  590.00000  180.00000  69.5%   697 112990s
 13677701 8341139     cutoff   56       590.00000  180.00000  69.5%   697 113145s
 13690773 8348057  182.50000   44  403  590.00000  180.00000  69.5%   697 113297s
 13702396 8355011  193.63974   49  455  590.00000  180.00000  69.5%   697 113448s
 13710529 8355011  280.04735   49  439  590.00000  180.00000  69.5%   698 113450s
 13714016 8362529 infeasible   65       590.00000  180.00000  69.5%   698 113602s
 13725142 8371218     cutoff   67       590.00000  180.00000  69.5%   698 113754s
 13728841 8371218  182.80932   44  482  590.00000  180.00000  69.5%   698 113755s
 13738108 8378445  417.03704   67  387  590.00000  180.00000  69.5%   698 113904s
 13749288 8382217  187.69656   53  409  590.00000  180.00000  69.5%   698 114052s
 13755474 8392004  193.56436   53  446  590.00000  180.00000  69.5%   698 114230s
 13770145 8400553     cutoff   61       590.00000  180.00000  69.5%   698 114387s
 13783398 8408465  285.00000   51  403  590.00000  180.00000  69.5%   698 114531s
 13794387 8417495  496.02551   67  399  590.00000  180.00000  69.5%   698 114702s
 13807964 8425766  342.39654   66  386  590.00000  180.00000  69.5%   698 114862s
 13821017 8434131  212.69149   54  419  590.00000  180.00000  69.5%   698 115007s
 13833391 8442175  182.85714   54  370  590.00000  180.00000  69.5%   698 115138s
 13845603 8450021  531.66667   72  376  590.00000  180.00000  69.5%   698 115300s
 13858453 8456778  401.19804   51  403  590.00000  180.00000  69.5%   698 115454s
 13865825 8456778     cutoff   53       590.00000  180.00000  69.5%   698 115455s
 13871174 8463646  185.93299   48  416  590.00000  180.00000  69.5%   698 115585s
 13881738 8471780  186.14051   53  461  590.00000  180.00000  69.5%   698 115729s
 13890354 8471780  201.30003   50  445  590.00000  180.00000  69.5%   698 115730s
 13894219 8479072  263.44512   52  419  590.00000  180.00000  69.5%   698 115873s
 13905802 8486203  180.74869   47  430  590.00000  180.00000  69.5%   698 116004s
 13906657 8486203  208.57143   59  428  590.00000  180.00000  69.5%   698 116005s
 13918046 8490190  440.13514   64  420  590.00000  180.00000  69.5%   698 116142s
 13925003 8500094  185.25951   43  516  590.00000  180.00000  69.5%   698 116311s
 13939952 8507406  376.95324   58  359  590.00000  180.00000  69.5%   698 116447s
 13952970 8514769  187.88816   50  490  590.00000  180.00000  69.5%   699 116575s
 13965542 8522378  191.95912   50  421  590.00000  180.00000  69.5%   699 116715s
 13978125 8530215  241.66667   52  407  590.00000  180.00000  69.5%   699 116849s
 13979946 8530215  419.62203   53  427  590.00000  180.00000  69.5%   699 116850s
 13991079 8538556  382.35812   67  423  590.00000  180.00000  69.5%   698 116988s
 14003526 8546534  300.00000   49  396  590.00000  180.00000  69.5%   699 117143s
 14011079 8546534  508.10166   65  401  590.00000  180.00000  69.5%   699 117145s
 14016190 8554641  183.63346   43  503  590.00000  180.00000  69.5%   699 117295s
 14028961 8561072     cutoff   81       590.00000  180.00000  69.5%   699 117433s
 14039253 8561072  490.00000   63  350  590.00000  180.00000  69.5%   699 117435s
 14041238 8569278  182.37165   46  452  590.00000  180.00000  69.5%   699 117576s
 14054169 8577417  473.66667   58  361  590.00000  180.00000  69.5%   699 117716s
 14066958 8584959  382.16617   69  369  590.00000  180.00000  69.5%   699 117846s
 14078877 8591269  183.33333   50  437  590.00000  180.00000  69.5%   699 117968s
 14088428 8599315  196.02297   47  472  590.00000  180.00000  69.5%   699 118088s
 14101158 8603735 infeasible   53       590.00000  180.00000  69.5%   699 118195s
 14107982 8613264  381.54487   71  401  590.00000  180.00000  69.5%   699 118335s
 14123006 8621251  181.88023   50  430  590.00000  180.00000  69.5%   699 118464s
 14130681 8621251  462.91270   67  336  590.00000  180.00000  69.5%   699 118465s
 14136887 8630223  502.52192   61  368  590.00000  180.00000  69.5%   699 118588s
 14150877 8638159     cutoff   79       590.00000  180.00000  69.5%   699 118691s
 14162898 8644904  230.58559   50  482  590.00000  180.00000  69.5%   699 118785s
 14172181 8652996  180.00000   43  400  590.00000  180.00000  69.5%   699 118892s
 14185819 8660957     cutoff   64       590.00000  180.00000  69.5%   699 118999s
 14187418 8660957  292.94118   60  373  590.00000  180.00000  69.5%   699 119000s
 14200573 8661024  180.31459   45  426  590.00000  180.00000  69.5%   699 119371s
 14200665 8668207  184.29348   46  416  590.00000  180.00000  69.5%   699 119455s
 14212497 8675721  333.11111   51  359  590.00000  180.00000  69.5%   699 119541s
 14224185 8682825  390.47855   63  368  590.00000  180.00000  69.5%   699 119625s
 14234061 8687260  516.89588   62  393  590.00000  180.00000  69.5%   699 119719s
 14240762 8699769  190.00000   44  414  590.00000  180.00000  69.5%   699 119884s
 14262207 8708287  401.90740   53  413  590.00000  180.00000  69.5%   699 119994s
 14264511 8708287  180.86685   45  469  590.00000  180.00000  69.5%   699 119995s
 14276374 8715910     cutoff   77       590.00000  180.00000  69.5%   699 120092s
 14287525 8724161     cutoff   63       590.00000  180.00000  69.5%   699 120186s
 14301692 8731328  439.33024   59  424  590.00000  180.00000  69.5%   699 120264s
 14311254 8731328  290.00000   51  397  590.00000  180.00000  69.5%   699 120265s
 14312620 8738632  421.76611   56  411  590.00000  180.00000  69.5%   699 120344s
 14323771 8745835     cutoff   63       590.00000  180.00000  69.5%   699 120429s
 14335588 8745835  292.77229   65  379  590.00000  180.00000  69.5%   699 120430s
 14335740 8753793  555.00000   71  330  590.00000  180.00000  69.5%   699 120521s
 14347683 8761766  218.61308   50  477  590.00000  180.00000  69.5%   699 120611s
 14360391 8769709  543.14024   64  405  590.00000  180.00000  69.5%   699 120698s
 14372282 8777915     cutoff   56       590.00000  180.00000  69.5%   699 120789s
 14378196 8777915  184.69836   53  471  590.00000  180.00000  69.5%   699 120790s
 14386609 8785424  406.05204   56  394  590.00000  180.00000  69.5%   699 120877s
 14398439 8790111     cutoff   63       590.00000  180.00000  69.5%   699 120965s
 14406108 8800003  343.33333   53  441  590.00000  180.00000  69.5%   699 121074s
 14423943 8807855  305.12500   50  468  590.00000  180.00000  69.5%   699 121157s
 14437354 8815241  531.07124   64  455  590.00000  180.00000  69.5%   699 121245s
 14450435 8822501  297.16437   53  434  590.00000  180.00000  69.5%   699 121324s
 14460533 8822501  507.50000   57  396  590.00000  180.00000  69.5%   699 121325s
 14461061 8830250  201.47035   58  439  590.00000  180.00000  69.5%   699 121407s
 14473270 8837689  194.44471   52  460  590.00000  180.00000  69.5%   699 121491s
 14484870 8846080     cutoff   59       590.00000  180.00000  69.5%   699 121577s
 14500144 8851933  229.96296   53  424  590.00000  180.00000  69.5%   699 121642s
 14510241 8858512  555.94879   67  416  590.00000  180.00000  69.5%   699 121712s
 14520657 8865933  575.88235   61  356  590.00000  180.00000  69.5%   699 121786s
 14531207 8874592  317.50000   46  427  590.00000  180.00000  69.5%   699 121870s
 14546243 8881285  285.63266   51  457  590.00000  180.00000  69.5%   699 121936s
 14557875 8888284  197.64757   51  437  590.00000  180.00000  69.5%   699 122002s
 14570407 8892894  210.00000   49  440  590.00000  180.00000  69.5%   699 122066s
 14580647 8897101  454.43333   71  375  590.00000  180.00000  69.5%   699 122143s
 14588298 8910552  282.66709   49  427  590.00000  180.00000  69.5%   699 122263s
 14608392 8919971  546.14069   68  383  590.00000  180.00000  69.5%   699 122345s
 14622774 8928451  452.50000   68  358  590.00000  180.00000  69.5%   699 122416s
 14636046 8936967  239.98299   57  416  590.00000  180.00000  69.5%   699 122490s
 14648785 8944753  290.01901   54  462  590.00000  180.00000  69.5%   699 122561s
 14661403 8952444  543.70846   82  395  590.00000  180.00000  69.5%   699 122630s
 14672818 8959935  336.20943   65  443  590.00000  180.00000  69.5%   699 122698s
 14684302 8968459     cutoff   70       590.00000  180.00000  69.5%   699 122772s
 14699047 8975720  180.21700   46  436  590.00000  180.00000  69.5%   699 122829s
 14699179 8975720  317.28546   55  372  590.00000  180.00000  69.5%   699 122830s
 14709339 8982336  390.74840   68  390  590.00000  180.00000  69.5%   699 122891s
 14719326 8991086  282.50000   61  415  590.00000  180.00000  69.5%   699 122962s
 14732863 9000092  284.89376   60  470  590.00000  180.00000  69.5%   699 123033s
 14746872 9007110  181.25000   41  386  590.00000  180.00000  69.5%   699 123093s
 14756950 9014543  205.31338   60  430  590.00000  180.00000  69.5%   699 123157s
 14769072 9018323  282.06969   55  458  590.00000  180.00000  69.5%   699 123218s
 14775088 9027356     cutoff   55       590.00000  180.00000  69.5%   700 123295s
 14789242 9035750  545.00000   57  407  590.00000  180.00000  69.5%   700 123361s
 14800919 9043236  420.00000   74  356  590.00000  180.00000  69.5%   700 123426s
 14811723 9051134  370.47989   54  454  590.00000  180.00000  69.5%   700 123496s
 14826130 9058548  411.05505   70  418  590.00000  180.00000  69.5%   700 123557s
 14838729 9058615  195.84984   52  458  590.00000  180.00000  69.5%   700 123808s
 14838820 9110333  197.50026   53  452  590.00000  180.00000  69.5%   700 124193s
 14860842 9110333  180.00000   42  402  590.00000  180.00000  69.5%   700 124195s
 14918900 9118157     cutoff   64       590.00000  180.00000  69.5%   700 124258s
 14930527 9122730  292.50000   63  416  590.00000  180.00000  69.5%   700 124319s
 14936911 9122803  181.21421   47  424  590.00000  180.00000  69.5%   700 124558s
 14936997 9133712  181.26914   48  426  590.00000  180.00000  69.5%   700 124671s
 14952594 9142988  305.17815   63  456  590.00000  180.00000  69.5%   700 124846s
 14968198 9152719  303.98736   55  421  590.00000  180.00000  69.5%   700 125009s
 14969376 9152719  392.34884   66  391  590.00000  180.00000  69.5%   700 125010s
 14983256 9161125  200.86981   52  436  590.00000  180.00000  69.5%   700 125140s
 14994872 9169430  230.00000   49  358  590.00000  180.00000  69.5%   700 125250s
 15006689 9177367  575.00000   55  331  590.00000  180.00000  69.5%   700 125351s
 15020935 9182538  380.00000   56  336  590.00000  180.00000  69.5%   700 125454s
 15022628 9182538  197.63975   57  467  590.00000  180.00000  69.5%   700 125455s
 15029196 9195879     cutoff   56       590.00000  180.00000  69.5%   700 125599s
 15030852 9195879  482.26324   58  377  590.00000  180.00000  69.5%   700 125600s
 15050480 9202716  181.12115   49  462  590.00000  180.00000  69.5%   700 125694s
 15058746 9202716  290.98855   60  445  590.00000  180.00000  69.5%   700 125695s
 15063529 9210805  185.23810   49  406  590.00000  180.00000  69.5%   700 125781s
 15076429 9218977  216.93282   58  392  590.00000  180.00000  69.5%   700 125870s
 15088628 9226826  308.75814   64  425  590.00000  180.00000  69.5%   700 125952s
 15100161 9235380  403.33333   57  383  590.00000  180.00000  69.5%   700 126035s
 15113403 9242817  294.61538   58  390  590.00000  180.00000  69.5%   700 126113s
 15127187 9250518  504.76821   64  370  590.00000  180.00000  69.5%   700 126194s
 15130504 9250518  194.24779   51  417  590.00000  180.00000  69.5%   700 126195s
 15138948 9258100  324.41855   63  424  590.00000  180.00000  69.5%   700 126271s
 15151069 9266312  575.92194   74  402  590.00000  180.00000  69.5%   700 126347s
 15162677 9274689  335.78701   58  434  590.00000  180.00000  69.5%   700 126423s
 15175561 9283074  544.20764   75  372  590.00000  180.00000  69.5%   700 126494s
 15188593 9290491  300.00000   55  390  590.00000  180.00000  69.5%   700 126558s
 15199533 9294507     cutoff   66       590.00000  180.00000  69.5%   700 126620s
 15206060 9304191  577.17430   67  376  590.00000  180.00000  69.5%   700 126698s
 15220382 9312679  228.99881   53  432  590.00000  180.00000  69.5%   701 126767s
 15233530 9321600  277.46530   70  360  590.00000  180.00000  69.5%   701 126833s
 15247689 9329446  212.31500   49  485  590.00000  180.00000  69.5%   701 126887s
 15260105 9335892  293.69507   63  432  590.00000  180.00000  69.5%   701 126940s
 15270159 9343700  180.25000   45  426  590.00000  180.00000  69.5%   701 126996s
 15281304 9351861  183.59419   48  456  590.00000  180.00000  69.5%   701 127059s
 15295869 9358493  230.00000   47  417  590.00000  180.00000  69.5%   701 127182s
 15306428 9364932 infeasible   71       590.00000  180.00000  69.5%   701 127248s
 15316234 9373099  481.00000   73  389  590.00000  180.00000  69.5%   701 127359s
 15316395 9373099  213.69847   53  459  590.00000  180.00000  69.5%   701 127360s
 15329276 9381986  426.03517   68  377  590.00000  180.00000  69.5%   701 127504s
 15341769 9381986  189.14036   51  470  590.00000  180.00000  69.5%   701 127505s
 15342735 9389100  299.50000   53  402  590.00000  180.00000  69.5%   701 127567s
 15352975 9397754  265.71598   60  445  590.00000  180.00000  69.5%   701 127669s
 15366748 9401302  181.48649   42  462  590.00000  180.00000  69.5%   701 127785s
 15372435 9410518  206.17814   51  423  590.00000  180.00000  69.5%   701 127877s
 15385204 9419061  477.33867   64  447  590.00000  180.00000  69.5%   701 127996s
 15399325 9425637  197.41607   49  487  590.00000  180.00000  69.5%   701 128120s
 15410281 9432558  211.10294   47  448  590.00000  180.00000  69.5%   701 128189s
 15421912 9439030     cutoff   75       590.00000  180.00000  69.5%   701 128272s
 15432845 9447086  194.30316   45  488  590.00000  180.00000  69.5%   701 128380s
 15445096 9447151  197.28848   51  449  590.00000  180.00000  69.5%   701 128764s
 15445189 9454952  201.05667   52  459  590.00000  180.00000  69.5%   701 128868s
 15457540 9463241  211.07256   56  388  590.00000  180.00000  69.5%   701 128959s
 15469733 9471176 infeasible   64       590.00000  180.00000  69.5%   701 129015s
 15481818 9479989  182.18266   49  413  590.00000  180.00000  69.5%   701 129074s
 15495952 9483361  181.13842   51  425  590.00000  180.00000  69.5%   701 129121s
 15501122 9493240  576.96794   68  318  590.00000  180.00000  69.5%   701 129184s
 15502576 9493240  181.33775   46  427  590.00000  180.00000  69.5%   701 129185s
 15516499 9501377  191.90209   52  464  590.00000  180.00000  69.5%   701 129239s
 15517599 9501377     cutoff   63       590.00000  180.00000  69.5%   701 129240s
 15528950 9510285  532.99844   69  333  590.00000  180.00000  69.5%   701 129296s
 15542623 9517401  180.00000   44  380  590.00000  180.00000  69.5%   701 129347s
 15553465 9524557  308.45977   51  438  590.00000  180.00000  69.5%   701 129401s
 15564540 9532732  180.50011   45  481  590.00000  180.00000  69.5%   701 129454s
 15576098 9540457  413.33333   49  427  590.00000  180.00000  69.5%   701 129511s
 15588196 9548082  296.45023   55  448  590.00000  180.00000  69.5%   701 129567s
 15600547 9556401  457.53874   68  421  590.00000  180.00000  69.5%   701 129623s
 15612580 9564342  508.05140   63  433  590.00000  180.00000  69.5%   701 129680s
 15625733 9573196  285.64103   61  473  590.00000  180.00000  69.5%   701 129736s
 15638701 9580883     cutoff   56       590.00000  180.00000  69.5%   701 129790s
 15649498 9589312  380.00000   58  328  590.00000  180.00000  69.5%   701 129848s
 15662836 9593083  292.50000   52  378  590.00000  180.00000  69.5%   701 129898s
 15668491 9602562  519.89540   67  372  590.00000  180.00000  69.5%   701 129965s
 15683609 9611670  180.00000   47  409  590.00000  180.00000  69.5%   702 130024s
 15690591 9611670  225.55556   59  408  590.00000  180.00000  69.5%   702 130025s
 15697889 9618927  542.51106   65  369  590.00000  180.00000  69.5%   702 130072s
 15707839 9626594  419.90389   75  374  590.00000  180.00000  69.5%   702 130125s
 15720269 9632802     cutoff   68       590.00000  180.00000  69.5%   702 130176s
 15732688 9640702  505.00000   52  455  590.00000  180.00000  69.5%   702 130232s
 15744771 9649107  180.63812   47  464  590.00000  180.00000  69.5%   702 130289s
 15757781 9657374  389.16612   57  442  590.00000  180.00000  69.5%   702 130343s
 15769494 9665062 infeasible   60       590.00000  180.00000  69.5%   702 130399s
 15779052 9665062 infeasible   76       590.00000  180.00000  69.5%   702 130400s
 15782156 9673890  342.50244   65  387  590.00000  180.00000  69.5%   702 130458s
 15795078 9681428  393.20949   60  388  590.00000  180.00000  69.5%   702 130510s
 15806434 9688870  180.48689   47  466  590.00000  180.00000  69.5%   702 130565s
 15818907 9696142     cutoff   72       590.00000  180.00000  69.5%   702 130618s
 15829333 9704166  405.15321   79  400  590.00000  180.00000  69.5%   702 130677s
 15843698 9707142  271.23489   50  438  590.00000  180.00000  69.5%   702 130721s
 15847692 9716275  209.33703   54  419  590.00000  180.00000  69.5%   702 130786s
 15860831 9725278  290.00000   62  326  590.00000  180.00000  69.5%   702 130847s
 15875449 9733341     cutoff   70       590.00000  180.00000  69.5%   702 130904s
 15887554 9740816  218.57143   49  409  590.00000  180.00000  69.5%   702 130958s
 15898802 9750281  190.44304   49  428  590.00000  180.00000  69.5%   702 131017s
 15913024 9758088  289.16667   58  436  590.00000  180.00000  69.5%   702 131071s
 15925270 9767203  185.85102   48  387  590.00000  180.00000  69.5%   702 131129s
 15933903 9767203 infeasible   69       590.00000  180.00000  69.5%   702 131130s
 15939318 9774246  293.37691   53  429  590.00000  180.00000  69.5%   702 131177s
 15949252 9781349     cutoff   66       590.00000  180.00000  69.5%   702 131230s
 15961389 9788492  325.11557   66  431  590.00000  180.00000  69.5%   702 131283s
 15972765 9797072  280.00000   50  405  590.00000  180.00000  69.5%   702 131341s
 15985405 9804779  342.57035   63  383  590.00000  180.00000  69.5%   702 131396s
 15997161 9812357  292.00000   52  397  590.00000  180.00000  69.5%   702 131452s
 16008768 9816513  300.00000   50  433  590.00000  180.00000  69.5%   702 131503s
 16014087 9827159  180.00000   44  400  590.00000  180.00000  69.5%   702 131576s
 16030742 9835895  281.65604   55  442  590.00000  180.00000  69.5%   702 131635s
 16044260 9842421  192.77778   52  413  590.00000  180.00000  69.5%   702 131685s
 16053631 9850999  253.03418   50  440  590.00000  180.00000  69.5%   702 131741s
 16066347 9859218 infeasible   62       590.00000  180.00000  69.5%   703 131798s
 16078997 9866495  298.83777   51  426  590.00000  180.00000  69.5%   703 131855s
 16089667 9866567  345.00000   62  394  590.00000  180.00000  69.5%   703 132076s
 16089755 9875103  349.32260   63  410  590.00000  180.00000  69.5%   703 132144s
 16091896 9875103  188.53890   54  438  590.00000  180.00000  69.5%   703 132145s
 16105545 9883604  443.21313   67  411  590.00000  180.00000  69.5%   703 132201s
 16118961 9891079  426.65052   67  398  590.00000  180.00000  69.5%   703 132253s
 16130268 9895692  280.00000   47  351  590.00000  180.00000  69.5%   703 132307s
 16137258 9908167  187.76838   44  504  590.00000  180.00000  69.5%   703 132405s
 16159445 9916741  363.47185   59  378  590.00000  180.00000  69.5%   703 132467s
 16172457 9924411  507.17852   67  367  590.00000  180.00000  69.5%   703 132526s
 16184509 9933049  280.00000   52  369  590.00000  180.00000  69.5%   703 132583s
 16197667 9940730 infeasible   73       590.00000  180.00000  69.5%   703 132635s
 16208243 9948835  221.69521   53  458  590.00000  180.00000  69.5%   703 132691s
 16221003 9956362  180.00000   43  397  590.00000  180.00000  69.5%   703 132744s
 16231523 9964166  400.00000   64  367  590.00000  180.00000  69.5%   703 132800s
 16243511 9971344  508.00000   70  367  590.00000  180.00000  69.5%   703 132857s
 16256924 9978386     cutoff   70       590.00000  180.00000  69.5%   703 132909s
 16257321 9978386  180.00000   44  398  590.00000  180.00000  69.5%   703 132910s
 16267748 9986089  500.33333   66  377  590.00000  180.00000  69.5%   703 132965s
 16280040 9994258  396.31563   57  441  590.00000  180.00000  69.5%   703 133024s
 16292930 10001912  182.50000   51  422  590.00000  180.00000  69.5%   703 133080s
 16305127 10005083  280.00000   54  436  590.00000  180.00000  69.5%   703 133131s
 16311746 10014243  571.87130   60  423  590.00000  180.00000  69.5%   703 133197s
 16326136 10022161     cutoff   71       590.00000  180.00000  69.5%   703 133254s
 16330492 10022161  216.72458   50  496  590.00000  180.00000  69.5%   703 133255s
 16337371 10030303  240.00000   52  363  590.00000  180.00000  69.5%   703 133315s
 16349438 10039030  286.26822   57  495  590.00000  180.00000  69.5%   703 133374s
 16350998 10039030  391.26050   60  388  590.00000  180.00000  69.5%   703 133375s
 16362470 10047075  180.38178   46  459  590.00000  180.00000  69.5%   704 133432s
 16374045 10054477  280.62465   53  421  590.00000  180.00000  69.5%   704 133487s
 16386310 10062730  310.00000   57  389  590.00000  180.00000  69.5%   704 133543s
 16398660 10070438  231.87500   51  439  590.00000  180.00000  69.5%   704 133599s
 16410354 10079079  180.40257   45  456  590.00000  180.00000  69.5%   704 133655s
 16423826 10087869     cutoff  101       590.00000  180.00000  69.5%   704 133713s
 16436909 10095454  295.97385   62  460  590.00000  180.00000  69.5%   704 133767s
 16447505 10103553     cutoff   67       590.00000  180.00000  69.5%   704 133824s
 16460555 10110438  181.64515   44  469  590.00000  180.00000  69.5%   704 133879s
 16472610 10115048  202.14286   45  467  590.00000  180.00000  69.5%   704 133933s
 16479444 10129779  457.37585   58  418  590.00000  180.00000  69.5%   704 134032s
 16501746 10138473  296.66667   57  427  590.00000  180.00000  69.5%   704 134095s
 16515182 10146810  291.66667   63  420  590.00000  180.00000  69.5%   704 134152s
 16527743 10155369  535.72118   64  414  590.00000  180.00000  69.5%   704 134209s
 16541487 10161771     cutoff   79       590.00000  180.00000  69.5%   704 134259s
 16551877 10169596  290.00000   46  325  590.00000  180.00000  69.5%   704 134314s
 16564045 10176463  223.96668   56  436  590.00000  180.00000  69.5%   704 134368s
 16576294 10183977 infeasible   69       590.00000  180.00000  69.5%   704 134426s
 16588476 10192247     cutoff   65       590.00000  180.00000  69.5%   704 134482s
 16600764 10200007  419.38725   62  427  590.00000  180.00000  69.5%   704 134538s
 16612621 10207769 infeasible   74       590.00000  180.00000  69.5%   704 134595s
 16625210 10215677  310.00000   56  392  590.00000  180.00000  69.5%   704 134652s
 16636619 10220528     cutoff   68       590.00000  180.00000  69.5%   704 134707s
 16644404 10230362  380.72314   68  410  590.00000  180.00000  69.5%   704 134779s
 16658929 10239029 infeasible   72       590.00000  180.00000  69.5%   704 134842s
 16671407 10247637  296.19541   49  461  590.00000  180.00000  69.5%   705 134902s
 16685245 10254362  580.00000   67  375  590.00000  180.00000  69.5%   705 134952s
 16695114 10261166  458.23414   65  389  590.00000  180.00000  69.5%   705 135005s
 16705573 10268675     cutoff   71       590.00000  180.00000  69.5%   705 135064s
 16716911 10268740  220.66375   54  498  590.00000  180.00000  69.5%   705 135282s
 16717006 10276855  221.59165   54  502  590.00000  180.00000  69.5%   705 135346s
 16729735 10284701  431.06019   66  411  590.00000  180.00000  69.5%   705 135403s
 16741290 10292819  185.00000   51  419  590.00000  180.00000  69.5%   705 135462s
 16753416 10297480  458.75663   72  360  590.00000  180.00000  69.5%   705 135519s
 16760123 10307871  300.25492   62  451  590.00000  180.00000  69.5%   705 135594s
 16777170 10316145  401.36610   60  399  590.00000  180.00000  69.5%   705 135652s
 16789510 10323732  383.65293   64  407  590.00000  180.00000  69.5%   705 135709s
 16800076 10330579  488.69643   61  386  590.00000  180.00000  69.5%   705 135769s
 16813241 10338223 infeasible   72       590.00000  180.00000  69.5%   705 135825s
 16824743 10346444     cutoff   68       590.00000  180.00000  69.5%   705 135885s
 16837682 10354309  200.61230   58  489  590.00000  180.00000  69.5%   705 135940s
 16849850 10361430  184.55658   43  507  590.00000  180.00000  69.5%   705 135994s
 16857278 10361430  240.99884   63  422  590.00000  180.00000  69.5%   705 135995s
 16861238 10369186  422.91128   52  453  590.00000  180.00000  69.5%   705 136049s
 16873030 10377330  565.29162   65  439  590.00000  180.00000  69.5%   705 136108s
 16886280 10384733  406.29322   55  413  590.00000  180.00000  69.5%   705 136160s
 16897848 10392794  224.00213   43  471  590.00000  180.00000  69.5%   705 136216s
 16909915 10392854  471.77741   61  425  590.00000  180.00000  69.5%   705 136428s
 16910015 10396880 infeasible   62       590.00000  180.00000  69.5%   705 136479s
 16916470 10407206  332.62821   54  422  590.00000  180.00000  69.5%   705 136551s
 16932375 10414741  282.14641   53  437  590.00000  180.00000  69.5%   705 136611s
 16945473 10422076  186.63165   53  439  590.00000  180.00000  69.5%   706 136666s
 16955949 10430229  281.59578   61  390  590.00000  180.00000  69.5%   706 136723s
 16969277 10436828 infeasible   64       590.00000  180.00000  69.5%   706 136775s
 16980461 10444957  298.95187   65  376  590.00000  180.00000  69.5%   706 136835s
 16992206 10453052  292.07641   55  461  590.00000  180.00000  69.5%   706 136893s
 17004575 10460610  383.75000   68  361  590.00000  180.00000  69.5%   706 136951s
 17016558 10469173  338.00000   58  437  590.00000  180.00000  69.5%   706 137010s
 17030516 10477421  291.66667   50  407  590.00000  180.00000  69.5%   706 137069s
 17038868 10477421  233.47222   53  445  590.00000  180.00000  69.5%   706 137070s
 17043916 10480749  263.97986   54  469  590.00000  180.00000  69.5%   706 137119s
 17048805 10490267  390.17607   60  432  590.00000  180.00000  69.5%   706 137186s
 17063062 10498804  192.00000   43  447  590.00000  180.00000  69.5%   706 137247s
 17076806 10506013  538.57143   65  407  590.00000  180.00000  69.5%   706 137305s
 17087683 10514050  180.00000   42  432  590.00000  180.00000  69.5%   706 137370s
 17101001 10522184  180.47931   53  450  590.00000  180.00000  69.5%   706 137429s
 17108120 10522184     cutoff   66       590.00000  180.00000  69.5%   706 137430s
 17112589 10530268  193.13064   49  468  590.00000  180.00000  69.5%   706 137488s
 17124391 10537328  422.49386   54  415  590.00000  180.00000  69.5%   706 137548s
 17137148 10544377  307.71930   51  422  590.00000  180.00000  69.5%   706 137602s
 17147433 10552338  383.75795   58  460  590.00000  180.00000  69.5%   706 137660s
 17158686 10559176  544.71442   58  366  590.00000  180.00000  69.5%   706 137722s
 17171580 10565736  194.64252   48  527  590.00000  180.00000  69.5%   707 137780s
 17183699 10572540  570.25536   75  395  590.00000  180.00000  69.5%   707 137836s
 17196564 10580222  281.97307   51  475  590.00000  180.00000  69.5%   707 137893s
 17209015 10583961  303.82026   54  405  590.00000  180.00000  69.5%   707 137945s
 17214267 10593873  181.69696   47  484  590.00000  180.00000  69.5%   707 138014s
 17229584 10593873  217.66667   49  414  590.00000  180.00000  69.5%   707 138016s
 17230221 10601672  193.24465   46  459  590.00000  180.00000  69.5%   707 138073s
 17241942 10609544  233.34896   51  493  590.00000  180.00000  69.5%   707 138132s
 17254789 10617112  391.75933   65  375  590.00000  180.00000  69.5%   707 138191s
 17266802 10625412     cutoff   66       590.00000  180.00000  69.5%   707 138250s
 17280147 10633086  180.00000   51  418  590.00000  180.00000  69.5%   707 138309s
 17293350 10640391  287.53130   52  385  590.00000  180.00000  69.5%   707 138363s
 17304320 10647372  183.86683   49  469  590.00000  180.00000  69.5%   707 138416s
 17313870 10647442  295.62500   60  388  590.00000  180.00000  69.5%   707 138637s
 17313957 10656816  301.25120   61  402  590.00000  180.00000  69.5%   707 138700s
 17328853 10660856  399.47184   64  444  590.00000  180.00000  69.5%   707 138756s
 17336412 10673158  546.53509   66  373  590.00000  180.00000  69.5%   707 138849s
 17351242 10673158  556.25000   70  376  590.00000  180.00000  69.5%   707 138850s
 17356552 10681634  253.33333   48  451  590.00000  180.00000  69.5%   707 138911s
 17369155 10688995  184.77778   50  446  590.00000  180.00000  69.5%   707 138972s
 17382711 10696699  222.50000   50  474  590.00000  180.00000  69.5%   707 139032s
 17394670 10704366  529.05469   52  431  590.00000  180.00000  69.5%   707 139090s
 17406089 10711904  313.33333   53  447  590.00000  180.00000  69.5%   707 139150s
 17417495 10720098  402.03812   62  428  590.00000  180.00000  69.5%   707 139211s
 17429390 10726828  546.00269   67  394  590.00000  180.00000  69.5%   707 139271s
 17441746 10734052  421.55331   62  425  590.00000  180.00000  69.5%   707 139328s
 17452210 10740982  335.00000   56  423  590.00000  180.00000  69.5%   708 139389s
 17456769 10740982  287.27675   55  448  590.00000  180.00000  69.5%   708 139390s
 17465329 10748868  180.00000   42  427  590.00000  180.00000  69.5%   708 139448s
 17477503 10757089  185.80531   54  424  590.00000  180.00000  69.5%   708 139507s
 17490716 10759930     cutoff   70       590.00000  180.00000  69.5%   708 139557s
 17496910 10768656  371.66667   52  439  590.00000  180.00000  69.5%   708 139623s
 17510009 10776715  281.17647   54  357  590.00000  180.00000  69.5%   708 139686s
 17524088 10785232  326.87500   49  487  590.00000  180.00000  69.5%   708 139746s
 17536371 10793643  196.21622   46  474  590.00000  180.00000  69.5%   708 139801s
 17547153 10800140  494.25234   69  425  590.00000  180.00000  69.5%   708 139862s
 17559578 10808414  212.08333   42  481  590.00000  180.00000  69.5%   708 139921s
 17572821 10816544  394.71340   65  356  590.00000  180.00000  69.5%   708 139978s
 17584460 10824031  180.24843   44  458  590.00000  180.00000  69.5%   708 140038s
 17598106 10831452  379.34399   65  434  590.00000  180.00000  69.5%   708 140094s
 17609187 10839359  461.00000   56  412  590.00000  180.00000  69.5%   708 140151s
 17620642 10845640  393.39615   55  420  590.00000  180.00000  69.5%   708 140210s
 17633644 10852593  240.00000   47  458  590.00000  180.00000  69.5%   708 140264s
 17635634 10852593  329.04762   54  449  590.00000  180.00000  69.5%   708 140265s
 17643743 10860382  180.44731   43  429  590.00000  180.00000  69.5%   708 140324s
 17648958 10860382  280.45066   55  425  590.00000  180.00000  69.5%   708 140325s
 17655757 10864664  472.34332   56  485  590.00000  180.00000  69.5%   708 140379s
 17662603 10874403 infeasible   70       590.00000  180.00000  69.5%   708 140452s
 17677844 10881857     cutoff   61       590.00000  180.00000  69.5%   708 140510s
 17689056 10889906  294.05080   59  379  590.00000  180.00000  69.5%   708 140572s
 17701155 10898017  198.47457   54  467  590.00000  180.00000  69.5%   709 140634s
 17712872 10906394  180.19360   47  452  590.00000  180.00000  69.5%   709 140696s
 17724432 10914389  460.00000   62  421  590.00000  180.00000  69.5%   709 140754s
 17737247 10920839  458.57436   59  386  590.00000  180.00000  69.5%   709 140809s
 17747827 10928953  203.33333   45  455  590.00000  180.00000  69.5%   709 140867s
 17760758 10936733  247.03310   56  461  590.00000  180.00000  69.5%   709 140922s
 17771893 10944146     cutoff   75       590.00000  180.00000  69.5%   709 140981s
 17784860 10951941  390.00000   57  419  590.00000  180.00000  69.5%   709 141034s
 17796741 10959125  286.25000   61  404  590.00000  180.00000  69.5%   709 141088s
 17807245 10966273  280.00000   49  403  590.00000  180.00000  69.5%   709 141146s
 17820843 10970769     cutoff   70       590.00000  180.00000  69.5%   709 141203s
 17828144 10984457  529.55871   75  398  590.00000  180.00000  69.5%   709 141297s
 17849235 10993191  400.61404   52  471  590.00000  180.00000  69.5%   709 141361s
 17862976 11000127  188.80126   50  439  590.00000  180.00000  69.5%   709 141417s
 17873236 11008596  290.00000   53  407  590.00000  180.00000  69.5%   709 141476s
 17884884 11017087  430.22222   65  367  590.00000  180.00000  69.5%   709 141536s
 17896895 11024988  511.39542   60  397  590.00000  180.00000  69.5%   709 141596s
 17908822 11032873  188.03350   48  451  590.00000  180.00000  69.5%   709 141655s
 17921022 11040775     cutoff   63       590.00000  180.00000  69.5%   709 141715s
 17932942 11040840  199.66796   47  487  590.00000  180.00000  69.5%   709 141935s
 17933033 11048972  200.73522   48  487  590.00000  180.00000  69.5%   709 141997s
 17945820 11053401  568.72874   65  414  590.00000  180.00000  69.5%   710 142053s
 17952754 11063636  529.78908   65  413  590.00000  180.00000  69.5%   710 142127s
 17966620 11072315  182.53521   50  402  590.00000  180.00000  69.5%   710 142197s
 17981880 11080404     cutoff   73       590.00000  180.00000  69.5%   710 142257s
 17993626 11088268  213.83913   57  451  590.00000  180.00000  69.5%   710 142317s
 18004843 11096574  305.00000   52  438  590.00000  180.00000  69.5%   710 142378s
 18017807 11104280  402.00000   55  384  590.00000  180.00000  69.5%   710 142437s
 18028262 11111246  400.00000   59  370  590.00000  180.00000  69.5%   710 142497s
 18041408 11118090  326.56442   54  412  590.00000  180.00000  69.5%   710 142552s
 18054152 11125422  406.81299   64  350  590.00000  180.00000  69.5%   710 142603s
 18065075 11132634  280.71429   45  412  590.00000  180.00000  69.5%   710 142657s
 18075276 11140318  190.06123   53  398  590.00000  180.00000  69.5%   710 142717s
 18088158 11147373  294.23888   48  479  590.00000  180.00000  69.5%   710 142772s
 18100528 11150809  191.75085   49  385  590.00000  180.00000  69.5%   710 142824s
 18105918 11160290  555.72464   57  357  590.00000  180.00000  69.5%   710 142893s
 18121012 11167800     cutoff   75       590.00000  180.00000  69.5%   710 142954s
 18134387 11167800  186.48649   41  492  590.00000  180.00000  69.5%   710 142955s
 18134716 11175105     cutoff   66       590.00000  180.00000  69.5%   710 143005s
 18146616 11181861  189.58104   52  429  590.00000  180.00000  69.5%   710 143057s
 18158093 11189270  380.31131   69  387  590.00000  180.00000  69.5%   710 143111s
 18170568 11197281  183.75475   44  475  590.00000  180.00000  69.5%   710 143170s
 18182563 11204663  301.66667   57  396  590.00000  180.00000  69.5%   710 143229s
 18195781 11213477  292.80038   58  428  590.00000  180.00000  69.5%   710 143285s
 18209808 11220275  180.01853   45  475  590.00000  180.00000  69.5%   710 143334s
 18219085 11228369  225.00000   45  458  590.00000  180.00000  69.5%   710 143393s
 18231125 11235905  306.53846   52  357  590.00000  180.00000  69.5%   710 143451s
 18244538 11243633     cutoff   74       590.00000  180.00000  69.5%   710 143505s
 18257104 11251393  335.00000   51  416  590.00000  180.00000  69.5%   710 143560s
 18269156 11255894  187.01970   48  453  590.00000  180.00000  69.5%   710 143616s
 18275479 11271655  195.48749   47  475  590.00000  180.00000  69.5%   710 143723s
 18299322 11280621  501.61488   70  334  590.00000  180.00000  69.5%   710 143787s
 18313448 11289089     cutoff   69       590.00000  180.00000  69.5%   710 143846s
 18326378 11297629  215.05774   53  493  590.00000  180.00000  69.5%   710 143907s
 18341527 11302852  571.92204   73  421  590.00000  180.00000  69.5%   710 143955s
 18353166 11309602  204.17550   50  475  590.00000  180.00000  69.5%   710 144003s
 18363657 11316890  192.22222   49  397  590.00000  180.00000  69.5%   710 144053s
 18373790 11324932  517.17838   72  334  590.00000  180.00000  69.5%   710 144110s
 18385285 11333686  182.22036   48  425  590.00000  180.00000  69.5%   711 144172s
 18398023 11342650  195.76505   45  505  590.00000  180.00000  69.5%   711 144231s
 18412259 11350481  194.41558   51  439  590.00000  180.00000  69.5%   711 144285s
 18423851 11359152  547.96205   64  408  590.00000  180.00000  69.5%   711 144345s
 18435796 11366496  220.07966   52  485  590.00000  180.00000  69.5%   711 144404s
 18448306 11370988  324.55367   58  389  590.00000  180.00000  69.5%   711 144458s
 18455472 11381395  546.25519   62  408  590.00000  180.00000  69.5%   711 144529s
 18470961 11389957  290.20007   57  377  590.00000  180.00000  69.5%   711 144590s
 18484229 11397616  335.62995   53  451  590.00000  180.00000  69.5%   711 144645s
 18495860 11405497  292.50000   56  401  590.00000  180.00000  69.5%   711 144698s
 18507044 11413504  415.36529   69  384  590.00000  180.00000  69.5%   711 144754s
 18507546 11413504  200.55790   50  467  590.00000  180.00000  69.5%   711 144755s
 18519406 11421949  189.97455   49  462  590.00000  180.00000  69.5%   711 144813s
 18532680 11428996  217.18941   49  529  590.00000  180.00000  69.5%   711 144866s
 18542901 11437044  280.00000   50  382  590.00000  180.00000  69.5%   711 144925s
 18555168 11444551     cutoff   67       590.00000  180.00000  69.5%   711 144982s
 18567169 11452979  206.43123   64  447  590.00000  180.00000  69.5%   711 145042s
 18581172 11460591  404.50000   53  413  590.00000  180.00000  69.5%   711 145092s
 18591946 11460655  477.32414   69  372  590.00000  180.00000  69.5%   711 145315s
 18592038 11468943  485.62145   70  398  590.00000  180.00000  69.5%   711 145372s
 18605197 11472436  376.66667   51  457  590.00000  180.00000  69.5%   711 145422s
 18610569 11481213  400.00000   50  391  590.00000  180.00000  69.5%   711 145489s
 18612329 11481213  298.34749   54  481  590.00000  180.00000  69.5%   711 145490s
 18624624 11489917  384.11736   57  435  590.00000  180.00000  69.5%   711 145550s
 18637694 11498084  511.04857   61  433  590.00000  180.00000  69.5%   711 145604s
 18650509 11505161  506.44049   68  410  590.00000  180.00000  69.5%   711 145655s
 18661214 11512841  551.86249   64  370  590.00000  180.00000  69.5%   711 145710s
 18672349 11521554     cutoff   70       590.00000  180.00000  69.5%   711 145769s
 18685953 11528845  183.06910   50  393  590.00000  180.00000  69.5%   711 145822s
 18697341 11536807  185.13717   54  411  590.00000  180.00000  69.5%   711 145875s
 18709896 11543835  522.02049   73  399  590.00000  180.00000  69.5%   711 145928s
 18720697 11551390  225.04396   56  436  590.00000  180.00000  69.5%   711 145989s
 18733043 11555305  476.66667   51  445  590.00000  180.00000  69.5%   711 146043s
 18738946 11565279  429.21138   62  391  590.00000  180.00000  69.5%   711 146117s
 18756033 11573480  235.00000   49  438  590.00000  180.00000  69.5%   711 146176s
 18767888 11581929  184.79144   49  418  590.00000  180.00000  69.5%   711 146235s
 18781309 11589208  195.71569   43  483  590.00000  180.00000  69.5%   711 146288s
 18791596 11596215     cutoff   62       590.00000  180.00000  69.5%   711 146345s
 18804165 11603541  211.33415   54  486  590.00000  180.00000  69.5%   711 146400s
 18816338 11611090     cutoff   76       590.00000  180.00000  69.5%   711 146461s
 18828833 11618875 infeasible   72       590.00000  180.00000  69.5%   711 146517s
 18841025 11626771  299.78618   58  412  590.00000  180.00000  69.5%   711 146575s
 18853479 11626829     cutoff   61       590.00000  180.00000  69.5%   711 146807s
 18853579 11634336  518.26645   62  392  590.00000  180.00000  69.5%   711 146864s
 18865025 11638786  181.02605   46  435  590.00000  180.00000  69.5%   712 146921s
 18871442 11654172  300.00000   64  328  590.00000  180.00000  69.5%   712 147030s
 18895284 11662289  433.68061   63  388  590.00000  180.00000  69.5%   712 147095s
 18910771 11670534  406.71429   61  445  590.00000  180.00000  69.5%   712 147155s
 18923544 11677388  181.42857   46  435  590.00000  180.00000  69.5%   712 147211s
 18936294 11684196  232.12121   48  463  590.00000  180.00000  69.5%   712 147264s
 18946711 11691586  281.18321   51  439  590.00000  180.00000  69.5%   712 147320s
 18958915 11699519     cutoff   76       590.00000  180.00000  69.5%   712 147380s
 18970608 11707733  491.19699   66  471  590.00000  180.00000  69.5%   712 147439s
 18982350 11715782  201.26588   47  485  590.00000  180.00000  69.5%   712 147499s
 18985171 11715782  246.64346   57  403  590.00000  180.00000  69.5%   712 147500s
 18995599 11723384  450.84886   55  450  590.00000  180.00000  69.5%   712 147558s
 19007557 11731843     cutoff   73       590.00000  180.00000  69.5%   712 147617s
 19020333 11735429  318.64238   53  437  590.00000  180.00000  69.5%   712 147671s
 19025721 11745493  435.00000   66  386  590.00000  180.00000  69.5%   712 147744s
 19039797 11745493  313.35714   54  444  590.00000  180.00000  69.5%   712 147745s
 19042002 11753796  481.66667   63  366  590.00000  180.00000  69.5%   712 147806s
 19055315 11762287  312.24811   66  382  590.00000  180.00000  69.5%   712 147866s
 19069119 11769918  501.49198   65  408  590.00000  180.00000  69.5%   712 147918s
 19081136 11772581     cutoff   60       590.00000  180.00000  69.5%   712 147935s

Cutting planes:
  Gomory: 2
  Cover: 64
  Implied bound: 2
  Clique: 2
  MIR: 42
  Flow cover: 49
  GUB cover: 1
  Inf proof: 7
  Zero half: 110
  RLT: 303
  BQP: 10

Explored 19085361 nodes (13587183058 simplex iterations) in 147935.77 seconds (77153.27 work units)
Thread count was 80 (of 140 available processors)

Solution count 10: 590 680 790 ... 1210

Solve interrupted
Best objective 5.900000000000e+02, best bound 1.800000000000e+02, gap 69.4915%
